Top pages,Clicks,Impressions,CTR,Position
https://pospal.gr/,3,47,6.38%,3.15
https://pospal.gr/pda-pos-leitourgei.html,1,42,2.38%,7.9
https://pospal.gr/times.html,1,18,5.56%,12.33
https://pospal.gr/guides/,1,12,8.33%,8.58
https://pospal.gr/guides/seasonal-management/,1,11,9.09%,4.36
https://pospal.gr/guides/cafe-optimization.html,1,9,11.11%,10.11
https://pospal.gr/POSPal_Demo_Index.html,1,6,16.67%,6.17
https://pospal.gr/guides/first-week-optimization/,1,6,16.67%,7.83
https://pospal.gr/guides/food-truck-mobile/,1,6,16.67%,8
https://pospal.gr/POSPal_Demo.html,1,5,20%,5.6
https://pospal.gr/POSPal_Demo_Desktop.html,1,4,25%,4
https://pospal.gr/guides/beach-bar-setup.html,1,3,33.33%,5.33
https://pospal.gr/managementComponent.html,1,2,50%,5.5
https://pospal.gr/installation-guide.html,0,11,0%,3.36
https://pospal.gr/buy-license.html,0,5,0%,5.2
https://pospal.gr/guides/qr-menu-best-practices.html,0,4,0%,9.25
https://pospal.gr/guides/index.html,0,3,0%,2