Database,Keyword,Seed keyword,Page,Topic,Page type,Tags,Volume,Keyword Difficulty,CPC (USD),Competitive Density,Number of Results,Intent,SERP Features,Trend,Click potential,Content references,Competitors
gr,qr menu,QR menu,qr menu,,,,140,9,0.98,0.94,1280000000,Commercial,"Adwords Middle, Image, Adwords Top, Video Carousel, Related Searches","0.52,0.67,0.67,0.81,1.00,1.00,0.81,0.81,0.43,0.67,0.52,0.52",75,"""qr-menus.gr"":""https://qr-menus.gr/""
""qrnow.gr"":""https://www.qrnow.gr/""
""my-menu.gr"":""https://my-menu.gr/""
""qmenu.gr"":""https://qmenu.gr/?culture=el-GR""
""myweby.gr"":""https://myweby.gr/shop/efarmoges-cloud/qr-menu-psifiako-menou-estiatoriou/""
""qrmenu.gr"":""https://qrmenu.gr/""
""digiapp.gr"":""https://digiapp.gr/""
""all-restaurants.gr"":""https://www.all-restaurants.gr/%CE%B7-%CE%B5%CF%84%CE%B1%CE%B9%CF%81%CE%B5%CE%AF%CE%B1-all-restaurants/qr-code-menu""
""oddmenu.com"":""https://oddmenu.com/""
""new.lexiconsoftware.com"":""https://new.lexiconsoftware.com/product/qr-code-digital-menu/""","""qr-menus.gr"":""https://qr-menus.gr/""
""qrnow.gr"":""https://www.qrnow.gr/""
""qrmenu.gr"":""https://qrmenu.gr/""
""digiapp.gr"":""https://digiapp.gr/""
""qmenu.gr"":""https://qmenu.gr/?culture=el-GR""
""new.lexiconsoftware.com"":""https://new.lexiconsoftware.com/product/qr-code-digital-menu/""
""pixme.gr"":""https://pixme.gr/product/qrmenu-plus/""
""yumzi.app"":""https://yumzi.app/gr/qr-menu""
""my-menu.gr"":""https://my-menu.gr/""
""myweby.gr"":""https://myweby.gr/shop/efarmoges-cloud/qr-menu-psifiako-menou-estiatoriou/"""
gr,qr code menu,QR menu,qr menu,,,,30,0,0.96,1.00,0,,,"0.07,0.07,0.07,0.21,0.07,1.00,0.07,0.36,0.14,0.21,0.29,0.07",,"""qr-menus.gr"":""https://qr-menus.gr/""
""qrnow.gr"":""https://www.qrnow.gr/""
""my-menu.gr"":""https://my-menu.gr/""
""qmenu.gr"":""https://qmenu.gr/?culture=el-GR""
""myweby.gr"":""https://myweby.gr/shop/efarmoges-cloud/qr-menu-psifiako-menou-estiatoriou/""
""qrmenu.gr"":""https://qrmenu.gr/""
""digiapp.gr"":""https://digiapp.gr/""
""all-restaurants.gr"":""https://www.all-restaurants.gr/%CE%B7-%CE%B5%CF%84%CE%B1%CE%B9%CF%81%CE%B5%CE%AF%CE%B1-all-restaurants/qr-code-menu""
""oddmenu.com"":""https://oddmenu.com/""
""new.lexiconsoftware.com"":""https://new.lexiconsoftware.com/product/qr-code-digital-menu/""","""my-menu.gr"":""https://my-menu.gr/""
""qr-menus.gr"":""https://qr-menus.gr/""
""qrnow.gr"":""https://www.qrnow.gr/""
""all-restaurants.gr"":""https://www.all-restaurants.gr/%CE%B7-%CE%B5%CF%84%CE%B1%CE%B9%CF%81%CE%B5%CE%AF%CE%B1-all-restaurants/qr-code-menu""
""oddmenu.com"":""https://oddmenu.com/""
""myweby.gr"":""https://myweby.gr/shop/efarmoges-cloud/qr-menu-psifiako-menou-estiatoriou/""
""ecomenu.gr"":""https://ecomenu.gr/""
""instalacarte.com"":""https://instalacarte.com/""
""qr-code-generator.com"":""https://www.qr-code-generator.com/solutions/qr-code-for-restaurant-menu/""
""qmenu.gr"":""https://qmenu.gr/?culture=el-GR"""
gr,τιμοκαταλογοσ,,μενου εστιατοριου,,,,1300,11,0.00,0.00,207000,Informational,"Image Pack, Video, Image, Related Searches","0.62,1.00,0.81,0.81,0.81,0.81,0.81,0.81,0.62,0.81,0.81,0.62",60,"""skroutz.gr"":""https://www.skroutz.gr/c/3929/katalogoi-menu.html""
""menus.gr"":""https://menus.gr/""
""menu-shop.gr"":""https://menu-shop.gr/c/391/menu-covers-holders/""
""aplada.gr"":""https://www.aplada.gr/el/provoli/thikes-provolis/menoy-estiatorioy""
""kimon.gr"":""https://www.kimon.gr/product-category/horeca/menou-estiatorion/""
""advgraphics.gr"":""https://advgraphics.gr/""
""designbytellis.com"":""https://designbytellis.com/product-category/%CE%BA%CE%B1%CF%84%CE%AC%CE%BB%CE%BF%CE%B3%CE%BF%CE%B9-%CE%B5%CF%83%CF%84%CE%B9%CE%B1%CF%84%CE%BF%CF%81%CE%B9%CF%89%CE%BD/""
""menumenou.gr"":""https://menumenou.gr/menou/""
""e-exoplismos.gr"":""https://www.e-exoplismos.gr/product-category/epitrapezia-eidh-servirisma/43/menu/""
""create.vista.com"":""https://create.vista.com/el/create/menus/""","""diafimistika.com"":""https://www.diafimistika.com/el/eshop/entypa-kartes/timokatalogoi""
""el.wiktionary.org"":""https://el.wiktionary.org/wiki/%CF%84%CE%B9%CE%BC%CE%BF%CE%BA%CE%B1%CF%84%CE%AC%CE%BB%CE%BF%CE%B3%CE%BF%CF%82""
""skroutz.gr"":""https://www.skroutz.gr/c/3929/katalogoi-menu.html""
""lazaridis-k.gr"":""https://www.lazaridis-k.gr/index.php?cPath=561_1185_2032""
""taxydromiki.com"":""https://www.taxydromiki.com/timokatalogoi""
""entypo-printshop.gr"":""https://www.entypo-printshop.gr/shop/etairika-entypa/timokatalogoi-menu/%CF%84%CE%B9%CE%BC%CE%BF%CE%BA%CE%B1%CF%84%CE%B1%CE%BB%CE%BF%CE%B3%CE%BF%CF%83-menu-%CF%83%CE%B5-%CE%B5%CE%B9%CE%B4%CE%B9%CE%BA%CE%BF-%CF%87%CE%B1%CF%81%CF%84%CE%B9/""
""play.google.com"":""https://play.google.com/store/apps/details?id=com.desygner.menus&hl=el""
""spmenu.gr"":""https://www.spmenu.gr/timokatalogos-estiatoriou-smart""
""diafimistika-grivas.gr"":""https://www.diafimistika-grivas.gr/%CE%B5%CE%BD%CF%84%CF%85%CF%80%CE%B1/%CE%B4%CE%B9%CE%B1%CF%86%CE%B7%CE%BC%CE%B9%CF%83%CF%84%CE%B9%CE%BA%CE%B1-%CF%86%CF%85%CE%BB%CE%BB%CE%B1%CE%B4%CE%B9%CE%B1/%CE%B13/%CF%84%CE%B9%CE%BC%CE%BF%CE%BA%CE%B1%CF%84%CE%B1%CE%BB%CE%BF%CE%B3%CE%BF%CF%83-%CF%80%CF%81%CE%BF%CF%83%CF%86%CE%BF%CF%81%CF%89%CE%BD-%CE%B5%CE%BD%CF%84%CF%85%CF%80%CF%89%CE%BD.html""
""mercedes-benz.gr"":""https://www.mercedes-benz.gr/our-brands/pricelist/"""
gr,μενού εστιατορίων,,μενου εστιατοριου,,,,140,12,0.39,0.08,7260000,Informational,"Related Searches, AI Overview, Image Pack, Site Links, Image","1.00,0.81,0.52,0.52,0.52,0.52,0.52,0.67,0.81,0.67,0.81,0.67",20,"""skroutz.gr"":""https://www.skroutz.gr/c/3929/katalogoi-menu.html""
""menus.gr"":""https://menus.gr/""
""menu-shop.gr"":""https://menu-shop.gr/c/391/menu-covers-holders/""
""aplada.gr"":""https://www.aplada.gr/el/provoli/thikes-provolis/menoy-estiatorioy""
""kimon.gr"":""https://www.kimon.gr/product-category/horeca/menou-estiatorion/""
""advgraphics.gr"":""https://advgraphics.gr/""
""designbytellis.com"":""https://designbytellis.com/product-category/%CE%BA%CE%B1%CF%84%CE%AC%CE%BB%CE%BF%CE%B3%CE%BF%CE%B9-%CE%B5%CF%83%CF%84%CE%B9%CE%B1%CF%84%CE%BF%CF%81%CE%B9%CF%89%CE%BD/""
""menumenou.gr"":""https://menumenou.gr/menou/""
""e-exoplismos.gr"":""https://www.e-exoplismos.gr/product-category/epitrapezia-eidh-servirisma/43/menu/""
""create.vista.com"":""https://create.vista.com/el/create/menus/""","""skroutz.gr"":""https://www.skroutz.gr/c/3929/katalogoi-menu.html""
""menu-shop.gr"":""https://menu-shop.gr/c/391/menu-covers-holders/""
""menus.gr"":""https://menus.gr/""
""aplada.gr"":""https://www.aplada.gr/el/provoli/thikes-provolis/menoy-estiatorioy""
""kimon.gr"":""https://www.kimon.gr/product-category/horeca/menou-estiatorion/""
""menumenou.gr"":""https://menumenou.gr/menou/""
""nextstore.gr"":""https://nextstore.gr/el/ProductCategory/071BEA33.aspx?sortby=code&pagesize=32&splitter_products_offset=0""
""allforoffice.gr"":""https://allforoffice.gr/el/ProductCategory/katalogoi-menou-estiatorion.aspx""
""advgraphics.gr"":""https://advgraphics.gr/""
""advgraphics.gr"":""https://advgraphics.gr/"""
gr,καταλογοσ εστιατοριου,,μενου εστιατοριου,,,,140,2,0.45,0.44,2990,Informational,"Image Pack, Site Links, Video, Image, Adwords Bottom, Related Searches","0.65,0.81,1.00,0.81,0.65,0.42,0.35,0.35,0.35,0.54,0.42,0.42",20,"""skroutz.gr"":""https://www.skroutz.gr/c/3929/katalogoi-menu.html""
""menus.gr"":""https://menus.gr/""
""menu-shop.gr"":""https://menu-shop.gr/c/391/menu-covers-holders/""
""aplada.gr"":""https://www.aplada.gr/el/provoli/thikes-provolis/menoy-estiatorioy""
""kimon.gr"":""https://www.kimon.gr/product-category/horeca/menou-estiatorion/""
""advgraphics.gr"":""https://advgraphics.gr/""
""designbytellis.com"":""https://designbytellis.com/product-category/%CE%BA%CE%B1%CF%84%CE%AC%CE%BB%CE%BF%CE%B3%CE%BF%CE%B9-%CE%B5%CF%83%CF%84%CE%B9%CE%B1%CF%84%CE%BF%CF%81%CE%B9%CF%89%CE%BD/""
""menumenou.gr"":""https://menumenou.gr/menou/""
""e-exoplismos.gr"":""https://www.e-exoplismos.gr/product-category/epitrapezia-eidh-servirisma/43/menu/""
""create.vista.com"":""https://create.vista.com/el/create/menus/""","""skroutz.gr"":""https://www.skroutz.gr/c/3929/katalogoi-menu.html""
""menu-shop.gr"":""https://menu-shop.gr/c/391/menu-covers-holders/""
""aplada.gr"":""https://www.aplada.gr/el/provoli/thikes-provolis/menoy-estiatorioy""
""designbytellis.com"":""https://designbytellis.com/product-category/%CE%BA%CE%B1%CF%84%CE%AC%CE%BB%CE%BF%CE%B3%CE%BF%CE%B9-%CE%B5%CF%83%CF%84%CE%B9%CE%B1%CF%84%CE%BF%CF%81%CE%B9%CF%89%CE%BD/""
""e-exoplismos.gr"":""https://www.e-exoplismos.gr/product-category/epitrapezia-eidh-servirisma/43/menu/""
""menus.gr"":""https://menus.gr/""
""kimon.gr"":""https://www.kimon.gr/product-category/horeca/menou-estiatorion/""
""silverplast.gr"":""https://silverplast.gr/category/katalogoi-estiatorion-kafe-xenodocheion/menu-estiatorion-me-vides/""
""advgraphics.gr"":""https://advgraphics.gr/""
""paperworld.gr"":""https://www.paperworld.gr/el/menu/15947-menu-katalogos-me-lastixo-mpornto.html"""
gr,μενου εστιατοριου,μενού εστιατορίων,μενου εστιατοριου,,,,1900,5,0.45,0.27,22300,Informational,"Image Pack, Video, Image, Adwords Bottom, Related Searches","1.00,1.00,0.83,0.83,0.66,0.83,0.55,0.66,0.83,0.55,0.55,0.45",75,"""skroutz.gr"":""https://www.skroutz.gr/c/3929/katalogoi-menu.html""
""menus.gr"":""https://menus.gr/""
""menu-shop.gr"":""https://menu-shop.gr/c/391/menu-covers-holders/""
""aplada.gr"":""https://www.aplada.gr/el/provoli/thikes-provolis/menoy-estiatorioy""
""kimon.gr"":""https://www.kimon.gr/product-category/horeca/menou-estiatorion/""
""advgraphics.gr"":""https://advgraphics.gr/""
""designbytellis.com"":""https://designbytellis.com/product-category/%CE%BA%CE%B1%CF%84%CE%AC%CE%BB%CE%BF%CE%B3%CE%BF%CE%B9-%CE%B5%CF%83%CF%84%CE%B9%CE%B1%CF%84%CE%BF%CF%81%CE%B9%CF%89%CE%BD/""
""menumenou.gr"":""https://menumenou.gr/menou/""
""e-exoplismos.gr"":""https://www.e-exoplismos.gr/product-category/epitrapezia-eidh-servirisma/43/menu/""
""create.vista.com"":""https://create.vista.com/el/create/menus/""","""skroutz.gr"":""https://www.skroutz.gr/c/3929/katalogoi-menu.html""
""menu-shop.gr"":""https://menu-shop.gr/c/391/menu-covers-holders/""
""aplada.gr"":""https://www.aplada.gr/el/provoli/thikes-provolis/menoy-estiatorioy""
""menus.gr"":""https://menus.gr/""
""menumenou.gr"":""https://menumenou.gr/menou/""
""designbytellis.com"":""https://designbytellis.com/product-category/%CE%BA%CE%B1%CF%84%CE%AC%CE%BB%CE%BF%CE%B3%CE%BF%CE%B9-%CE%B5%CF%83%CF%84%CE%B9%CE%B1%CF%84%CE%BF%CF%81%CE%B9%CF%89%CE%BD/""
""kimon.gr"":""https://www.kimon.gr/product-category/horeca/menou-estiatorion/""
""exoplistikiellados.gr"":""https://www.exoplistikiellados.gr/product-category/%CE%B5%CE%BE%CE%BF%CF%80%CE%BB%CE%B9%CF%83%CE%BC%CE%BF%CF%82-%CE%B5%CF%83%CF%84%CE%B9%CE%B1%CF%83%CE%B7%CF%82/menus/""
""deltarestaurant.gr"":""https://deltarestaurant.gr/el/portfolio/the-restaurant/""
""e-exoplismos.gr"":""https://www.e-exoplismos.gr/product-category/epitrapezia-eidh-servirisma/43/menu/"""
gr,προγραμμα για δημιουργια μενου εστιατοριου,,μενου εστιατοριου,,,,70,8,0.59,0.88,385,Informational,"Video, Adwords Bottom, Related Searches, AI Overview","0.08,0.02,1.00,0.02,0.02,0.02,0.02,0.02,0.02,0.02,0.02,0.02",90,"""skroutz.gr"":""https://www.skroutz.gr/c/3929/katalogoi-menu.html""
""menus.gr"":""https://menus.gr/""
""menu-shop.gr"":""https://menu-shop.gr/c/391/menu-covers-holders/""
""aplada.gr"":""https://www.aplada.gr/el/provoli/thikes-provolis/menoy-estiatorioy""
""kimon.gr"":""https://www.kimon.gr/product-category/horeca/menou-estiatorion/""
""advgraphics.gr"":""https://advgraphics.gr/""
""designbytellis.com"":""https://designbytellis.com/product-category/%CE%BA%CE%B1%CF%84%CE%AC%CE%BB%CE%BF%CE%B3%CE%BF%CE%B9-%CE%B5%CF%83%CF%84%CE%B9%CE%B1%CF%84%CE%BF%CF%81%CE%B9%CF%89%CE%BD/""
""menumenou.gr"":""https://menumenou.gr/menou/""
""e-exoplismos.gr"":""https://www.e-exoplismos.gr/product-category/epitrapezia-eidh-servirisma/43/menu/""
""create.vista.com"":""https://create.vista.com/el/create/menus/""","""create.vista.com"":""https://create.vista.com/el/create/menus/""
""play.google.com"":""https://play.google.com/store/apps/details?id=com.menu.maker&hl=el""
""restaurant-menu.net"":""https://www.restaurant-menu.net/el/dorean-programma-gia-dimiourgia-menu-estiatoriou""
""blog.flipbuilder.com"":""https://blog.flipbuilder.com/el/10-best-menu-creator-software-programs/3643/""
""waiterio.com"":""https://www.waiterio.com/blog/el/pos-na-ftiaxete-ena-menoy-gia-to-estiatorio-sas/""
""qrcode-tiger.com"":""https://www.qrcode-tiger.com/el/digital-menu-app-for-restaurants""
""marketeat.com"":""https://marketeat.com/tag/%CF%83%CF%87%CE%B5%CE%B4%CE%B9%CE%B1%CF%83%CE%BC%CE%BF%CF%82-%CE%BC%CE%B5%CE%BD%CE%BF%CF%85-%CE%B5%CF%83%CF%84%CE%B9%CE%B1%CF%84%CE%BF%CF%81%CE%B9%CE%BF%CF%85/""
""menus.gr"":""https://menus.gr/""
""create.vista.com"":""https://create.vista.com/el/templates/menu/""
""foodbooking.gr"":""https://foodbooking.gr/programma-dimiourgia-menou-estiatoriou/"""
gr,παραγγελιεσ,,παραγγελειεσ,,,,1000,17,1.37,0.07,2360000,Informational,"Image Pack, Video Carousel, Related Searches","1.00,1.00,0.88,1.00,1.00,1.00,1.00,1.00,0.88,1.00,0.88,1.00",60,"""apostoles.gr"":""https://www.apostoles.gr/""
""skroutz.gr"":""https://www.skroutz.gr/cart""
""el.wiktionary.org"":""https://el.wiktionary.org/wiki/%CF%80%CE%B1%CF%81%CE%B1%CE%B3%CE%B3%CE%B5%CE%BB%CE%AF%CE%B5%CF%82""
""shopflix.gr"":""https://shopflix.gr/parakoloythisi-paraggelias""
""e-shop.gr"":""https://www.e-shop.gr/status""
""support.google.com"":""https://support.google.com/googleplay/answer/2850369?hl=el""
""kotsovolos.gr"":""https://www.kotsovolos.gr/order-tracking""
""you.gr"":""https://www.you.gr/myaccount/watchorders""
""praktiker.gr"":""https://www.praktiker.gr/m/terms-order-delivery""
""box.gr"":""https://box.gr/""","""el.wiktionary.org"":""https://el.wiktionary.org/wiki/%CF%80%CE%B1%CF%81%CE%B1%CE%B3%CE%B3%CE%B5%CE%BB%CE%AF%CE%B5%CF%82""
""apostoles.gr"":""https://www.apostoles.gr/""
""skroutz.gr"":""https://www.skroutz.gr/cart""
""shopflix.gr"":""https://shopflix.gr/parakoloythisi-paraggelias""
""e-shop.gr"":""https://www.e-shop.gr/status""
""support.google.com"":""https://support.google.com/googleplay/answer/2850369?hl=el""
""moustakastoys.gr"":""https://www.moustakastoys.gr/paraggelies/parakolouthisi-paraggelias/""
""kotsovolos.gr"":""https://www.kotsovolos.gr/order-tracking""
""support.google.com"":""https://support.google.com/googleplay/answer/2850369?hl=el""
""youdelivery.gr"":""https://www.youdelivery.gr/index.php/general/?task=ostatus"""
gr,παραγγελειεσ,παραγγελειεσ,παραγγελειεσ,,,,1000,18,1.19,0.07,12000,"Informational, Commercial","Video, Image, Related Searches","1.00,1.00,0.88,1.00,1.00,1.00,1.00,1.00,0.88,1.00,0.88,1.00",60,"""apostoles.gr"":""https://www.apostoles.gr/""
""skroutz.gr"":""https://www.skroutz.gr/cart""
""el.wiktionary.org"":""https://el.wiktionary.org/wiki/%CF%80%CE%B1%CF%81%CE%B1%CE%B3%CE%B3%CE%B5%CE%BB%CE%AF%CE%B5%CF%82""
""shopflix.gr"":""https://shopflix.gr/parakoloythisi-paraggelias""
""e-shop.gr"":""https://www.e-shop.gr/status""
""support.google.com"":""https://support.google.com/googleplay/answer/2850369?hl=el""
""kotsovolos.gr"":""https://www.kotsovolos.gr/order-tracking""
""you.gr"":""https://www.you.gr/myaccount/watchorders""
""praktiker.gr"":""https://www.praktiker.gr/m/terms-order-delivery""
""box.gr"":""https://box.gr/""","""apostoles.gr"":""https://www.apostoles.gr/""
""you.gr"":""https://www.you.gr/myaccount/watchorders""
""skroutz.gr"":""https://www.skroutz.gr/cart""
""praktiker.gr"":""https://www.praktiker.gr/m/terms-order-delivery""
""box.gr"":""https://box.gr/""
""el.wiktionary.org"":""https://el.wiktionary.org/wiki/%CF%80%CE%B1%CF%81%CE%B1%CE%B3%CE%B3%CE%B5%CE%BB%CE%AF%CE%B5%CF%82""
""shopflix.gr"":""https://shopflix.gr/parakoloythisi-paraggelias""
""kotsovolos.gr"":""https://www.kotsovolos.gr/order-tracking""
""e-shop.gr"":""https://www.e-shop.gr/status""
""aboutyou.gr"":""https://www.aboutyou.gr/h/ssf/4498328796188/q-4498392997532"""
gr,παραγγελιοληψια,παραγγελιοληψία,παραγγελιοληψία με tablet,,,,480,17,1.27,0.69,5940,Informational,"Site Links, Video, Video Carousel, Related Searches, AI Overview","0.66,0.81,1.00,1.00,0.81,1.00,0.81,0.81,0.54,1.00,0.66,0.66",20,"""animamenu.gr"":""https://www.animamenu.gr/""
""dionserve.gr"":""https://www.dionserve.gr/""
""simplelivepos.com"":""https://www.simplelivepos.com/""
""servitwra.gr"":""https://www.servitwra.gr/""
""gloriafood.com"":""https://www.gloriafood.com/el""
""dbsoft.com.gr"":""https://dbsoft.com.gr/""
""servitwra.gr"":""https://www.servitwra.gr/app""
""officepro.gr"":""https://officepro.gr/waiter-2-%CE%B1%CF%83%CF%8D%CF%81%CE%BC%CE%B1%CF%84%CE%B7-%CF%80%CE%B1%CF%81%CE%B1%CE%B3%CE%B3%CE%B5%CE%BB%CE%B9%CE%BF%CE%BB%CE%B7%CF%88%CE%AF%CE%B1-%CF%87%CF%89%CF%81%CE%AF%CF%82-%CF%87%CF%81%CE%AE%CF%83%CE%B7-%CE%B7-%CF%85/""
""cardlink.gr"":""https://cardlink.gr/worldline-all-in-one-ordering/""
""zygaries.gr"":""https://zygaries.gr/shop/tameiaka-systimata/asyrmati-paraggeliolipsia/""","""dionserve.gr"":""https://www.dionserve.gr/""
""car.gr"":""https://www.car.gr/xyma/?category=50&q=%CF%80%CE%B1%CF%81%CE%B1%CE%B3%CE%B3%CE%B5%CE%BB%CE%B9%CE%BF%CE%BB%CE%B7%CF%88%CE%B9%CE%B1""
""dsdc.gr"":""https://dsdc.gr/product/e-liza/""
""simplelivepos.com"":""https://www.simplelivepos.com/""
""diginet.gr"":""https://www.diginet.gr/proionta/lista-proionton/action/Product/show/showProduct/paraggeliolipsia-digiorder/""
""elink.com.gr"":""https://www.elink.com.gr/""
""dbsoft.com.gr"":""https://dbsoft.com.gr/%CF%80%CE%B1%CF%81%CE%B1%CE%B3%CE%B3%CE%B5%CE%BB%CE%B9%CE%BF%CE%BB%CE%B7%CF%88%CE%AF%CE%B1-%CF%84%CE%B9-%CE%B5%CE%AF%CE%BD%CE%B1%CE%B9-%CE%BA%CE%B1%CE%B9-%CE%B3%CE%B9%CE%B1%CF%84%CE%AF-%CE%B5%CE%AF/""
""el.wiktionary.org"":""https://el.wiktionary.org/wiki/%CF%80%CE%B1%CF%81%CE%B1%CE%B3%CE%B3%CE%B5%CE%BB%CE%B9%CE%BF%CE%BB%CE%B7%CF%88%CE%AF%CE%B1""
""cardlink.gr"":""https://cardlink.gr/worldline-all-in-one-ordering/""
""animamenu.gr"":""https://www.animamenu.gr/"""
gr,ασυρματη παραγγελιοληψια,παραγγελιοληψία,παραγγελιοληψία με tablet,,,,170,8,1.18,0.35,2780,Informational,"Image Pack, Site Links, Video, Video Carousel, Related Searches","0.35,0.65,1.00,0.54,1.00,0.54,0.81,0.19,0.19,0.81,1.00,0.42",20,"""animamenu.gr"":""https://www.animamenu.gr/""
""dionserve.gr"":""https://www.dionserve.gr/""
""simplelivepos.com"":""https://www.simplelivepos.com/""
""servitwra.gr"":""https://www.servitwra.gr/""
""gloriafood.com"":""https://www.gloriafood.com/el""
""dbsoft.com.gr"":""https://dbsoft.com.gr/""
""servitwra.gr"":""https://www.servitwra.gr/app""
""officepro.gr"":""https://officepro.gr/waiter-2-%CE%B1%CF%83%CF%8D%CF%81%CE%BC%CE%B1%CF%84%CE%B7-%CF%80%CE%B1%CF%81%CE%B1%CE%B3%CE%B3%CE%B5%CE%BB%CE%B9%CE%BF%CE%BB%CE%B7%CF%88%CE%AF%CE%B1-%CF%87%CF%89%CF%81%CE%AF%CF%82-%CF%87%CF%81%CE%AE%CF%83%CE%B7-%CE%B7-%CF%85/""
""cardlink.gr"":""https://cardlink.gr/worldline-all-in-one-ordering/""
""zygaries.gr"":""https://zygaries.gr/shop/tameiaka-systimata/asyrmati-paraggeliolipsia/""","""wizcom.gr"":""https://www.wizcom.gr/asyrmati-paraggeliolipsia""
""zygaries.gr"":""https://zygaries.gr/shop/tameiaka-systimata/asyrmati-paraggeliolipsia/""
""dionserve.gr"":""https://www.dionserve.gr/""
""dbsoft.com.gr"":""https://dbsoft.com.gr/%CF%80%CF%81%CE%BF%CF%8A%CE%BF%CE%BD%CF%84%CE%B1/%CE%B1%CF%83%CF%85%CF%81%CE%BC%CE%B1%CF%84%CE%B7-%CF%80%CE%B1%CF%81%CE%B1%CE%B3%CE%B3%CE%B5%CE%BB%CE%B9%CE%BF%CE%BB%CE%B7%CF%88%CE%B9%CE%B1/""
""servitwra.gr"":""https://www.servitwra.gr/app""
""easypos365.gr"":""https://www.easypos365.gr/asyrmati-parangeliolipsia/""
""cardlink.gr"":""https://cardlink.gr/worldline-all-in-one-ordering/""
""witec.gr"":""https://witec.gr/""
""witec.gr"":""https://witec.gr/""
""megasoft.gr"":""https://www.megasoft.gr/mobile-asyrmath-paraggeliolipsia"""
gr,ασυρματη παραγγελιοληψια τιμεσ,παραγγελιοληψία,παραγγελιοληψία με tablet,,,,30,0,0.00,0.56,0,,,"0.04,0.04,0.04,0.08,0.04,0.04,0.04,0.04,0.00,1.00,0.19,0.04",,"""animamenu.gr"":""https://www.animamenu.gr/""
""dionserve.gr"":""https://www.dionserve.gr/""
""simplelivepos.com"":""https://www.simplelivepos.com/""
""servitwra.gr"":""https://www.servitwra.gr/""
""gloriafood.com"":""https://www.gloriafood.com/el""
""dbsoft.com.gr"":""https://dbsoft.com.gr/""
""servitwra.gr"":""https://www.servitwra.gr/app""
""officepro.gr"":""https://officepro.gr/waiter-2-%CE%B1%CF%83%CF%8D%CF%81%CE%BC%CE%B1%CF%84%CE%B7-%CF%80%CE%B1%CF%81%CE%B1%CE%B3%CE%B3%CE%B5%CE%BB%CE%B9%CE%BF%CE%BB%CE%B7%CF%88%CE%AF%CE%B1-%CF%87%CF%89%CF%81%CE%AF%CF%82-%CF%87%CF%81%CE%AE%CF%83%CE%B7-%CE%B7-%CF%85/""
""cardlink.gr"":""https://cardlink.gr/worldline-all-in-one-ordering/""
""zygaries.gr"":""https://zygaries.gr/shop/tameiaka-systimata/asyrmati-paraggeliolipsia/""","""zygaries.gr"":""https://zygaries.gr/shop/tameiaka-systimata/asyrmati-paraggeliolipsia/""
""e-diktyo.com"":""https://e-diktyo.com/product/%CE%B1%CF%83%CF%8D%CF%81%CE%BC%CE%B1%CF%84%CE%B7-%CF%80%CE%B1%CF%81%CE%B1%CE%B3%CE%B3%CE%B5%CE%BB%CE%B9%CE%BF%CE%BB%CE%B7%CF%88%CE%AF%CE%B1/""
""mazikiestiasi.gr"":""https://mazikiestiasi.gr/product-category/tameiaka-systimata/asyrmati-parangeliolipsia/""
""savy.gr"":""https://www.savy.gr/paraggeliolipsia/""
""dionserve.gr"":""https://www.dionserve.gr/""
""dbsoft.com.gr"":""https://dbsoft.com.gr/%CF%80%CF%81%CE%BF%CF%8A%CE%BF%CE%BD%CF%84%CE%B1/""
""car.gr"":""https://www.car.gr/xyma/?category=50&q=%CF%80%CE%B1%CF%81%CE%B1%CE%B3%CE%B3%CE%B5%CE%BB%CE%B9%CE%BF%CE%BB%CE%B7%CF%88%CE%B9%CE%B1""
""dsdc.gr"":""https://dsdc.gr/product/e-liza/""
""infopos.gr"":""http://www.infopos.gr/asyrmati-paraggeliolipsia""
""animamenu.gr"":""https://www.animamenu.gr/allOffers.html"""
gr,ασυρματη παραγγελιοληψια free,παραγγελιοληψία,παραγγελιοληψία με tablet,,,,20,0,0.97,0.90,0,,,"0.20,0.20,0.20,0.20,0.20,0.40,0.20,0.60,0.40,0.40,1.00,0.20",,"""animamenu.gr"":""https://www.animamenu.gr/""
""dionserve.gr"":""https://www.dionserve.gr/""
""simplelivepos.com"":""https://www.simplelivepos.com/""
""servitwra.gr"":""https://www.servitwra.gr/""
""gloriafood.com"":""https://www.gloriafood.com/el""
""dbsoft.com.gr"":""https://dbsoft.com.gr/""
""servitwra.gr"":""https://www.servitwra.gr/app""
""officepro.gr"":""https://officepro.gr/waiter-2-%CE%B1%CF%83%CF%8D%CF%81%CE%BC%CE%B1%CF%84%CE%B7-%CF%80%CE%B1%CF%81%CE%B1%CE%B3%CE%B3%CE%B5%CE%BB%CE%B9%CE%BF%CE%BB%CE%B7%CF%88%CE%AF%CE%B1-%CF%87%CF%89%CF%81%CE%AF%CF%82-%CF%87%CF%81%CE%AE%CF%83%CE%B7-%CE%B7-%CF%85/""
""cardlink.gr"":""https://cardlink.gr/worldline-all-in-one-ordering/""
""zygaries.gr"":""https://zygaries.gr/shop/tameiaka-systimata/asyrmati-paraggeliolipsia/""","""servitwra.gr"":""https://www.servitwra.gr/app""
""gestpos.gr"":""https://gestpos.gr/asirmati-paraggeliolipsia-free/""
""dionserve.gr"":""https://www.dionserve.gr/""
""officepro.gr"":""https://officepro.gr/waiter-2-%CE%B1%CF%83%CF%8D%CF%81%CE%BC%CE%B1%CF%84%CE%B7-%CF%80%CE%B1%CF%81%CE%B1%CE%B3%CE%B3%CE%B5%CE%BB%CE%B9%CE%BF%CE%BB%CE%B7%CF%88%CE%AF%CE%B1-%CF%87%CF%89%CF%81%CE%AF%CF%82-%CF%87%CF%81%CE%AE%CF%83%CE%B7-%CE%B7-%CF%85/""
""youtube.com"":""https://www.youtube.com/watch?v=H4fJif28vUk""
""paraggeliolipsia.gr"":""https://www.paraggeliolipsia.gr/""
""sbzsystems.com"":""https://www.sbzsystems.com/el/programmata/click-n-eat/""
""wizcom.gr"":""https://www.wizcom.gr/asyrmati-paraggeliolipsia""
""meganet.gr"":""https://meganet.gr/parageliolipsia/""
""cardlink.gr"":""https://cardlink.gr/worldline-all-in-one-ordering/"""
gr,ηλεκτρονικη παραγγελιοληψια,παραγγελιοληψία,παραγγελιοληψία με tablet,,,,20,0,0.00,0.43,0,,,"0.22,0.11,1.00,0.11,0.11,0.11,1.00,0.11,0.11,0.11,0.11,0.11",,"""animamenu.gr"":""https://www.animamenu.gr/""
""dionserve.gr"":""https://www.dionserve.gr/""
""simplelivepos.com"":""https://www.simplelivepos.com/""
""servitwra.gr"":""https://www.servitwra.gr/""
""gloriafood.com"":""https://www.gloriafood.com/el""
""dbsoft.com.gr"":""https://dbsoft.com.gr/""
""servitwra.gr"":""https://www.servitwra.gr/app""
""officepro.gr"":""https://officepro.gr/waiter-2-%CE%B1%CF%83%CF%8D%CF%81%CE%BC%CE%B1%CF%84%CE%B7-%CF%80%CE%B1%CF%81%CE%B1%CE%B3%CE%B3%CE%B5%CE%BB%CE%B9%CE%BF%CE%BB%CE%B7%CF%88%CE%AF%CE%B1-%CF%87%CF%89%CF%81%CE%AF%CF%82-%CF%87%CF%81%CE%AE%CF%83%CE%B7-%CE%B7-%CF%85/""
""cardlink.gr"":""https://cardlink.gr/worldline-all-in-one-ordering/""
""zygaries.gr"":""https://zygaries.gr/shop/tameiaka-systimata/asyrmati-paraggeliolipsia/""","""simplelivepos.com"":""https://www.simplelivepos.com/""
""dionserve.gr"":""https://www.dionserve.gr/""
""easycomtech.gr"":""https://www.easycomtech.gr/simple/""
""butler.gr"":""https://butler.gr/services/pos""
""gloriafood.com"":""https://www.gloriafood.com/el""
""playsystems.io"":""https://www.playsystems.io/index.php/delivery-2/""
""servitwra.gr"":""https://www.servitwra.gr/""
""cardlink.gr"":""https://cardlink.gr/worldline-all-in-one-ordering/""
""dbsoft.com.gr"":""https://dbsoft.com.gr/""
""dobby.gr"":""https://dobby.gr/asyrmati-parangeliolipsia/"""
gr,παραγγελιοληψία android free,παραγγελιοληψία,παραγγελιοληψία με tablet,,,,20,0,0.89,0.91,0,,,"0.14,0.14,0.14,0.14,0.14,1.00,0.14,0.14,0.14,0.43,0.14,0.14",,"""animamenu.gr"":""https://www.animamenu.gr/""
""dionserve.gr"":""https://www.dionserve.gr/""
""simplelivepos.com"":""https://www.simplelivepos.com/""
""servitwra.gr"":""https://www.servitwra.gr/""
""gloriafood.com"":""https://www.gloriafood.com/el""
""dbsoft.com.gr"":""https://dbsoft.com.gr/""
""servitwra.gr"":""https://www.servitwra.gr/app""
""officepro.gr"":""https://officepro.gr/waiter-2-%CE%B1%CF%83%CF%8D%CF%81%CE%BC%CE%B1%CF%84%CE%B7-%CF%80%CE%B1%CF%81%CE%B1%CE%B3%CE%B3%CE%B5%CE%BB%CE%B9%CE%BF%CE%BB%CE%B7%CF%88%CE%AF%CE%B1-%CF%87%CF%89%CF%81%CE%AF%CF%82-%CF%87%CF%81%CE%AE%CF%83%CE%B7-%CE%B7-%CF%85/""
""cardlink.gr"":""https://cardlink.gr/worldline-all-in-one-ordering/""
""zygaries.gr"":""https://zygaries.gr/shop/tameiaka-systimata/asyrmati-paraggeliolipsia/""","""gestpos.gr"":""https://gestpos.gr/paraggeliolipsia-android-free/""
""play.google.com"":""https://play.google.com/store/apps/details?id=com.ipwaiter.droid&hl=el""
""sbzsystems.com"":""https://www.sbzsystems.com/el/programmata/click-n-eat/""
""officepro.gr"":""https://officepro.gr/waiter-2-%CE%B1%CF%83%CF%8D%CF%81%CE%BC%CE%B1%CF%84%CE%B7-%CF%80%CE%B1%CF%81%CE%B1%CE%B3%CE%B3%CE%B5%CE%BB%CE%B9%CE%BF%CE%BB%CE%B7%CF%88%CE%AF%CE%B1-%CF%87%CF%89%CF%81%CE%AF%CF%82-%CF%87%CF%81%CE%AE%CF%83%CE%B7-%CE%B7-%CF%85/""
""quicklypos.com"":""https://quicklypos.com/el/hspda.html""
""dionserve.gr"":""https://www.dionserve.gr/register-your-company/""
""gloriafood.com"":""https://www.gloriafood.com/el""
""portable.gr"":""https://www.portable.gr/efarmoges/efarmogi-android-asyrmatis-paraggeliolipsias-WOS4ANDROID""
""meganet.gr"":""https://meganet.gr/parageliolipsia/""
""noulis.gr"":""https://noulis.gr/efa-9pos-start-in-9mines-efarmogi-9pos-start-in-android-app-gia-parangeliolipsia-sindromi-9-mines"""
gr,παραγγελιοληψία pda,παραγγελιοληψία,παραγγελιοληψία με tablet,,,,20,0,0.00,0.56,0,,,"0.00,1.00,0.14,0.14,0.14,0.14,0.00,0.43,0.14,0.14,0.71,0.14",,"""animamenu.gr"":""https://www.animamenu.gr/""
""dionserve.gr"":""https://www.dionserve.gr/""
""simplelivepos.com"":""https://www.simplelivepos.com/""
""servitwra.gr"":""https://www.servitwra.gr/""
""gloriafood.com"":""https://www.gloriafood.com/el""
""dbsoft.com.gr"":""https://dbsoft.com.gr/""
""servitwra.gr"":""https://www.servitwra.gr/app""
""officepro.gr"":""https://officepro.gr/waiter-2-%CE%B1%CF%83%CF%8D%CF%81%CE%BC%CE%B1%CF%84%CE%B7-%CF%80%CE%B1%CF%81%CE%B1%CE%B3%CE%B3%CE%B5%CE%BB%CE%B9%CE%BF%CE%BB%CE%B7%CF%88%CE%AF%CE%B1-%CF%87%CF%89%CF%81%CE%AF%CF%82-%CF%87%CF%81%CE%AE%CF%83%CE%B7-%CE%B7-%CF%85/""
""cardlink.gr"":""https://cardlink.gr/worldline-all-in-one-ordering/""
""zygaries.gr"":""https://zygaries.gr/shop/tameiaka-systimata/asyrmati-paraggeliolipsia/""","""skroutz.gr"":""https://www.skroutz.gr/c/136/barcode-scanners/f/1002927/forito-termatiko-pda.html""
""zygaries.gr"":""https://zygaries.gr/shop/tameiaka-systimata/asyrmati-paraggeliolipsia/""
""dbsoft.com.gr"":""https://dbsoft.com.gr/""
""technorganosi.gr"":""https://www.technorganosi.gr/asyrmati-paraggeliolipsia""
""techplace.gr"":""https://techplace.gr/ti-einai-ena-systima-parangeliolipsias/""
""ordersoft.gr"":""https://ordersoft.gr/asyrmati-paraggeliolipsia/""
""mazikiestiasi.gr"":""https://mazikiestiasi.gr/product-category/tameiaka-systimata/asyrmati-parangeliolipsia/""
""car.gr"":""https://www.car.gr/xyma/7047/asyrmati-paraggeliolipsia-pda.html/?category=7047""
""elink.com.gr"":""https://www.elink.com.gr/""
""dobby.gr"":""https://dobby.gr/asyrmati-parangeliolipsia/"""
gr,παραγγελιοληψία αγγλικα,παραγγελιοληψία,παραγγελιοληψία με tablet,,,,20,0,0.00,0.33,0,,,"0.14,0.14,0.71,0.14,0.14,0.14,0.14,0.14,0.71,0.14,1.00,0.14",,"""animamenu.gr"":""https://www.animamenu.gr/""
""dionserve.gr"":""https://www.dionserve.gr/""
""simplelivepos.com"":""https://www.simplelivepos.com/""
""servitwra.gr"":""https://www.servitwra.gr/""
""gloriafood.com"":""https://www.gloriafood.com/el""
""dbsoft.com.gr"":""https://dbsoft.com.gr/""
""servitwra.gr"":""https://www.servitwra.gr/app""
""officepro.gr"":""https://officepro.gr/waiter-2-%CE%B1%CF%83%CF%8D%CF%81%CE%BC%CE%B1%CF%84%CE%B7-%CF%80%CE%B1%CF%81%CE%B1%CE%B3%CE%B3%CE%B5%CE%BB%CE%B9%CE%BF%CE%BB%CE%B7%CF%88%CE%AF%CE%B1-%CF%87%CF%89%CF%81%CE%AF%CF%82-%CF%87%CF%81%CE%AE%CF%83%CE%B7-%CE%B7-%CF%85/""
""cardlink.gr"":""https://cardlink.gr/worldline-all-in-one-ordering/""
""zygaries.gr"":""https://zygaries.gr/shop/tameiaka-systimata/asyrmati-paraggeliolipsia/""","""translatum.gr"":""https://www.translatum.gr/forum/index.php?topic=198106.0""
""lingq.com"":""https://www.lingq.com/en/learn-greek-online/translate/el/%CF%80%CE%B1%CF%81%CE%B1%CE%B3%CE%B3%CE%B5%CE%BB%CE%B9%CE%BF%CE%BB%CE%B7%CF%88%CE%AF%CE%B1/""
""wordreference.com"":""https://www.wordreference.com/gren/%CF%84%CE%B9%CE%BC%CE%BF%CE%BB%CF%8C%CE%B3%CE%B7%CF%83%CE%B7""
""jobfind.gr"":""https://www.jobfind.gr/JobAds/exipiretisi_pelaton_paraggeliolipsia/Athens/GR/Theseis_Ergasias?lng=1""
""el.wiktionary.org"":""https://el.wiktionary.org/wiki/%CF%80%CE%B1%CF%81%CE%B1%CE%B3%CE%B3%CE%B5%CE%BB%CE%B9%CE%BF%CE%BB%CE%B7%CF%88%CE%AF%CE%B1""
""servitwra.gr"":""https://www.servitwra.gr/""
""fimble.io"":""https://www.fimble.io/el/instore-ordering""
""gloriafood.com"":""https://www.gloriafood.com/el""
""ics.gr"":""http://www.ics.gr/asyrmath-paraggeliolhpsia""
""dianomes-gerakis.gr"":""https://www.dianomes-gerakis.gr/paraggeliolipsia/"""
gr,παραγγελιοληψια free,παραγγελιοληψία,παραγγελιοληψία με tablet,,,,10,0,0.00,0.30,0,,,"1.00,0.25,0.00,0.00,0.00,0.50,0.00,0.25,0.25,0.00,0.00,0.25",,"""animamenu.gr"":""https://www.animamenu.gr/""
""dionserve.gr"":""https://www.dionserve.gr/""
""simplelivepos.com"":""https://www.simplelivepos.com/""
""servitwra.gr"":""https://www.servitwra.gr/""
""gloriafood.com"":""https://www.gloriafood.com/el""
""dbsoft.com.gr"":""https://dbsoft.com.gr/""
""servitwra.gr"":""https://www.servitwra.gr/app""
""officepro.gr"":""https://officepro.gr/waiter-2-%CE%B1%CF%83%CF%8D%CF%81%CE%BC%CE%B1%CF%84%CE%B7-%CF%80%CE%B1%CF%81%CE%B1%CE%B3%CE%B3%CE%B5%CE%BB%CE%B9%CE%BF%CE%BB%CE%B7%CF%88%CE%AF%CE%B1-%CF%87%CF%89%CF%81%CE%AF%CF%82-%CF%87%CF%81%CE%AE%CF%83%CE%B7-%CE%B7-%CF%85/""
""cardlink.gr"":""https://cardlink.gr/worldline-all-in-one-ordering/""
""zygaries.gr"":""https://zygaries.gr/shop/tameiaka-systimata/asyrmati-paraggeliolipsia/""","""gestpos.gr"":""https://gestpos.gr/programma-paraggelion-free/""
""servitwra.gr"":""https://www.servitwra.gr/app""
""summa.gr"":""https://summa.gr/""
""simplelivepos.com"":""https://www.simplelivepos.com/""
""dionserve.gr"":""https://www.dionserve.gr/register-your-company/""
""paraggeliolipsia.gr"":""https://www.paraggeliolipsia.gr/""
""gloriafood.com"":""https://www.gloriafood.com/el""
""sbzsystems.com"":""https://www.sbzsystems.com/el/programmata/click-n-eat/""
""officepro.gr"":""https://officepro.gr/waiter-2-%CE%B1%CF%83%CF%8D%CF%81%CE%BC%CE%B1%CF%84%CE%B7-%CF%80%CE%B1%CF%81%CE%B1%CE%B3%CE%B3%CE%B5%CE%BB%CE%B9%CE%BF%CE%BB%CE%B7%CF%88%CE%AF%CE%B1-%CF%87%CF%89%CF%81%CE%AF%CF%82-%CF%87%CF%81%CE%AE%CF%83%CE%B7-%CE%B7-%CF%85/""
""play.google.com"":""https://play.google.com/store/apps/details?id=com.ipwaiter.droid&hl=el"""
gr,παραγγελιοληψία android,παραγγελιοληψία,παραγγελιοληψία με tablet,,,,10,0,0.00,0.00,0,,,"0.00,0.20,0.20,0.00,0.00,0.00,0.20,1.00,0.00,0.00,0.00,0.00",,"""animamenu.gr"":""https://www.animamenu.gr/""
""dionserve.gr"":""https://www.dionserve.gr/""
""simplelivepos.com"":""https://www.simplelivepos.com/""
""servitwra.gr"":""https://www.servitwra.gr/""
""gloriafood.com"":""https://www.gloriafood.com/el""
""dbsoft.com.gr"":""https://dbsoft.com.gr/""
""servitwra.gr"":""https://www.servitwra.gr/app""
""officepro.gr"":""https://officepro.gr/waiter-2-%CE%B1%CF%83%CF%8D%CF%81%CE%BC%CE%B1%CF%84%CE%B7-%CF%80%CE%B1%CF%81%CE%B1%CE%B3%CE%B3%CE%B5%CE%BB%CE%B9%CE%BF%CE%BB%CE%B7%CF%88%CE%AF%CE%B1-%CF%87%CF%89%CF%81%CE%AF%CF%82-%CF%87%CF%81%CE%AE%CF%83%CE%B7-%CE%B7-%CF%85/""
""cardlink.gr"":""https://cardlink.gr/worldline-all-in-one-ordering/""
""zygaries.gr"":""https://zygaries.gr/shop/tameiaka-systimata/asyrmati-paraggeliolipsia/""","""play.google.com"":""https://play.google.com/store/apps/details?id=com.ipwaiter.droid&hl=el""
""easypos365.gr"":""https://www.easypos365.gr/product/easypos365-android/""
""noulis.gr"":""https://noulis.gr/efa-9pos-basic-6-mines-efarmogi-9pos-basic-android-app-gia-parangeliolipsia-diachirisi-pelaton-parangelion-delivery-sindromi-6-mines""
""sbzsystems.com"":""https://www.sbzsystems.com/el/programmata/click-n-eat/""
""quicklypos.com"":""https://quicklypos.com/el/hspda.html""
""animamenu.gr"":""https://www.animamenu.gr/""
""play.google.com"":""https://play.google.com/store/apps/dev?id=7987199579464561663&hl=el""
""elink.com.gr"":""https://www.elink.com.gr/product/android-%CF%80%CE%B1%CF%81%CE%B1%CE%B3%CE%B3%CE%B5%CE%BB%CE%B9%CE%BF%CE%BB%CE%B7%CF%88%CE%AF%CE%B1-jpapp""
""dionserve.gr"":""https://www.dionserve.gr/""
""portable.gr"":""https://www.portable.gr/efarmoges/efarmogi-android-asyrmatis-paraggeliolipsias-WOS4ANDROID"""
gr,παραγγελιοληψια εστιατοριο,παραγγελιοληψία,παραγγελιοληψία με tablet,,,,10,0,1.91,0.63,0,,,"0.50,0.50,0.50,0.50,0.50,0.50,1.00,0.50,1.00,0.50,0.50,0.50",,"""animamenu.gr"":""https://www.animamenu.gr/""
""dionserve.gr"":""https://www.dionserve.gr/""
""simplelivepos.com"":""https://www.simplelivepos.com/""
""servitwra.gr"":""https://www.servitwra.gr/""
""gloriafood.com"":""https://www.gloriafood.com/el""
""dbsoft.com.gr"":""https://dbsoft.com.gr/""
""servitwra.gr"":""https://www.servitwra.gr/app""
""officepro.gr"":""https://officepro.gr/waiter-2-%CE%B1%CF%83%CF%8D%CF%81%CE%BC%CE%B1%CF%84%CE%B7-%CF%80%CE%B1%CF%81%CE%B1%CE%B3%CE%B3%CE%B5%CE%BB%CE%B9%CE%BF%CE%BB%CE%B7%CF%88%CE%AF%CE%B1-%CF%87%CF%89%CF%81%CE%AF%CF%82-%CF%87%CF%81%CE%AE%CF%83%CE%B7-%CE%B7-%CF%85/""
""cardlink.gr"":""https://cardlink.gr/worldline-all-in-one-ordering/""
""zygaries.gr"":""https://zygaries.gr/shop/tameiaka-systimata/asyrmati-paraggeliolipsia/""","""simplelivepos.com"":""https://www.simplelivepos.com/""
""animamenu.gr"":""https://www.animamenu.gr/""
""servitwra.gr"":""https://www.servitwra.gr/""
""gloriafood.com"":""https://www.gloriafood.com/el""
""playsystems.io"":""https://www.playsystems.io/index.php/delivery-2/""
""butler.gr"":""https://butler.gr/services/pos""
""wizcom.gr"":""https://www.wizcom.gr/asyrmati-paraggeliolipsia""
""savy.gr"":""https://www.savy.gr/paraggeliolipsia/""
""epsilonnet.gr"":""https://epsilonnet.gr/proionta/venus-ordering-system/""
""epsilon.com.gr"":""https://epsilon.com.gr/online-parangeliolipsia/"""
gr,παραγγελιοληψια καφε,παραγγελιοληψία,παραγγελιοληψία με tablet,,,,10,0,0.00,0.00,0,,,"0.14,0.14,0.14,0.00,0.00,0.14,0.14,0.29,1.00,0.14,0.00,0.00",,"""animamenu.gr"":""https://www.animamenu.gr/""
""dionserve.gr"":""https://www.dionserve.gr/""
""simplelivepos.com"":""https://www.simplelivepos.com/""
""servitwra.gr"":""https://www.servitwra.gr/""
""gloriafood.com"":""https://www.gloriafood.com/el""
""dbsoft.com.gr"":""https://dbsoft.com.gr/""
""servitwra.gr"":""https://www.servitwra.gr/app""
""officepro.gr"":""https://officepro.gr/waiter-2-%CE%B1%CF%83%CF%8D%CF%81%CE%BC%CE%B1%CF%84%CE%B7-%CF%80%CE%B1%CF%81%CE%B1%CE%B3%CE%B3%CE%B5%CE%BB%CE%B9%CE%BF%CE%BB%CE%B7%CF%88%CE%AF%CE%B1-%CF%87%CF%89%CF%81%CE%AF%CF%82-%CF%87%CF%81%CE%AE%CF%83%CE%B7-%CE%B7-%CF%85/""
""cardlink.gr"":""https://cardlink.gr/worldline-all-in-one-ordering/""
""zygaries.gr"":""https://zygaries.gr/shop/tameiaka-systimata/asyrmati-paraggeliolipsia/""","""simplelivepos.com"":""https://www.simplelivepos.com/""
""dionserve.gr"":""https://www.dionserve.gr/""
""getfoodpro.com"":""https://getfoodpro.com/el/services/online-ordering/cafe""
""servitwra.gr"":""https://www.servitwra.gr/""
""animamenu.gr"":""https://www.animamenu.gr/""
""ordersoft.gr"":""https://ordersoft.gr/take-away/""
""fimble.io"":""https://www.fimble.io/el/instore-ordering""
""ninepos.gr"":""https://ninepos.gr/cafe/""
""epsilonnet.gr"":""https://epsilonnet.gr/proionta/venus-ordering-system/""
""easypos365.gr"":""https://www.easypos365.gr/asyrmati-parangeliolipsia/"""
gr,φορητη παραγγελιοληψια,παραγγελιοληψία,παραγγελιοληψία με tablet,,,,10,0,0.00,0.00,0,,,"0.43,0.00,0.00,0.14,0.14,0.14,0.14,0.14,1.00,0.00,0.00,0.00",,"""animamenu.gr"":""https://www.animamenu.gr/""
""dionserve.gr"":""https://www.dionserve.gr/""
""simplelivepos.com"":""https://www.simplelivepos.com/""
""servitwra.gr"":""https://www.servitwra.gr/""
""gloriafood.com"":""https://www.gloriafood.com/el""
""dbsoft.com.gr"":""https://dbsoft.com.gr/""
""servitwra.gr"":""https://www.servitwra.gr/app""
""officepro.gr"":""https://officepro.gr/waiter-2-%CE%B1%CF%83%CF%8D%CF%81%CE%BC%CE%B1%CF%84%CE%B7-%CF%80%CE%B1%CF%81%CE%B1%CE%B3%CE%B3%CE%B5%CE%BB%CE%B9%CE%BF%CE%BB%CE%B7%CF%88%CE%AF%CE%B1-%CF%87%CF%89%CF%81%CE%AF%CF%82-%CF%87%CF%81%CE%AE%CF%83%CE%B7-%CE%B7-%CF%85/""
""cardlink.gr"":""https://cardlink.gr/worldline-all-in-one-ordering/""
""zygaries.gr"":""https://zygaries.gr/shop/tameiaka-systimata/asyrmati-paraggeliolipsia/""","""regate.gr"":""https://regate.gr/mobile-orders/""
""genesis.net.gr"":""https://www.genesis.net.gr/genesis-software/foriti-parangeliolipsia-xvan-foriti-aftomatopoiisi-ton-poliseon/""
""dataconnect.gr"":""https://www.dataconnect.gr/efarmogi-android-systima-paraggeliolipsias/""
""dbsoft.com.gr"":""https://dbsoft.com.gr/product-category/%CE%BB%CE%BF%CE%B3%CE%B9%CF%83%CE%BC%CE%B9%CE%BA%CE%AC-%CF%80%CE%B1%CF%81%CE%B1%CE%B3%CE%B3%CE%B5%CE%BB%CE%B9%CE%BF%CE%BB%CE%B7%CF%88%CE%AF%CE%B1%CF%82/""
""ptsystems.gr"":""https://ptsystems.gr/yefsis-mobile/""
""diginet.gr"":""https://www.diginet.gr/proionta/lista-proionton/action/Product/show/showProduct/paraggeliolipsia-digiorder/""
""animamenu.gr"":""https://www.animamenu.gr/""
""servitwra.gr"":""https://www.servitwra.gr/app""
""epektasis.gr"":""https://epektasis.gr/solutions/mobile-orders/""
""novatron.gr"":""https://www.novatron.gr/el/mobile-order"""
gr,συστημα παραγγελιοληψιασ,,παραγγελιοληψία με tablet,,,,320,17,1.30,0.76,1110,Informational,"Image Pack, Site Links, Video, Adwords Bottom, Related Searches, AI Overview","0.67,0.67,0.81,1.00,0.81,0.81,0.67,0.54,0.54,0.81,0.54,0.54",20,"""animamenu.gr"":""https://www.animamenu.gr/""
""dionserve.gr"":""https://www.dionserve.gr/""
""simplelivepos.com"":""https://www.simplelivepos.com/""
""servitwra.gr"":""https://www.servitwra.gr/""
""gloriafood.com"":""https://www.gloriafood.com/el""
""dbsoft.com.gr"":""https://dbsoft.com.gr/""
""servitwra.gr"":""https://www.servitwra.gr/app""
""officepro.gr"":""https://officepro.gr/waiter-2-%CE%B1%CF%83%CF%8D%CF%81%CE%BC%CE%B1%CF%84%CE%B7-%CF%80%CE%B1%CF%81%CE%B1%CE%B3%CE%B3%CE%B5%CE%BB%CE%B9%CE%BF%CE%BB%CE%B7%CF%88%CE%AF%CE%B1-%CF%87%CF%89%CF%81%CE%AF%CF%82-%CF%87%CF%81%CE%AE%CF%83%CE%B7-%CE%B7-%CF%85/""
""cardlink.gr"":""https://cardlink.gr/worldline-all-in-one-ordering/""
""zygaries.gr"":""https://zygaries.gr/shop/tameiaka-systimata/asyrmati-paraggeliolipsia/""","""butler.gr"":""https://butler.gr/services/pos""
""dionserve.gr"":""https://www.dionserve.gr/""
""gloriafood.com"":""https://www.gloriafood.com/el""
""car.gr"":""https://www.car.gr/xyma/?category=50&q=%CF%80%CE%B1%CF%81%CE%B1%CE%B3%CE%B3%CE%B5%CE%BB%CE%B9%CE%BF%CE%BB%CE%B7%CF%88%CE%B9%CE%B1%CF%82""
""witec.gr"":""https://witec.gr/%CE%B1%CF%83%CF%8D%CF%81%CE%BC%CE%B1%CF%84%CE%B7-%CF%80%CE%B1%CF%81%CE%B1%CE%B3%CE%B3%CE%B5%CE%BB%CE%B9%CE%BF%CE%BB%CE%B7%CF%88%CE%AF%CE%B1/""
""megasoft.gr"":""https://megasoft.gr/megasoft-campaigns/olokliromeno-systima-paraggeliolipsias-gia-olous-tous-xoroys-estiasis""
""servitwra.gr"":""https://www.servitwra.gr/""
""elink.com.gr"":""https://www.elink.com.gr/""
""techplace.gr"":""https://techplace.gr/ti-einai-ena-systima-parangeliolipsias/""
""savy.gr"":""https://www.savy.gr/paraggeliolipsia/"""
gr,ασύρματη παραγγελιοληψία,παραγγελιοληψια,παραγγελιοληψία με tablet,,,,170,6,1.50,0.54,10900,Informational,"Video, Video Carousel, Related Searches, AI Overview, Image Pack, Site Links","1.00,1.00,0.65,0.81,0.54,0.54,0.42,0.27,0.81,0.65,0.42,0.81",20,"""animamenu.gr"":""https://www.animamenu.gr/""
""dionserve.gr"":""https://www.dionserve.gr/""
""simplelivepos.com"":""https://www.simplelivepos.com/""
""servitwra.gr"":""https://www.servitwra.gr/""
""gloriafood.com"":""https://www.gloriafood.com/el""
""dbsoft.com.gr"":""https://dbsoft.com.gr/""
""servitwra.gr"":""https://www.servitwra.gr/app""
""officepro.gr"":""https://officepro.gr/waiter-2-%CE%B1%CF%83%CF%8D%CF%81%CE%BC%CE%B1%CF%84%CE%B7-%CF%80%CE%B1%CF%81%CE%B1%CE%B3%CE%B3%CE%B5%CE%BB%CE%B9%CE%BF%CE%BB%CE%B7%CF%88%CE%AF%CE%B1-%CF%87%CF%89%CF%81%CE%AF%CF%82-%CF%87%CF%81%CE%AE%CF%83%CE%B7-%CE%B7-%CF%85/""
""cardlink.gr"":""https://cardlink.gr/worldline-all-in-one-ordering/""
""zygaries.gr"":""https://zygaries.gr/shop/tameiaka-systimata/asyrmati-paraggeliolipsia/""","""dionserve.gr"":""https://www.dionserve.gr/""
""wizcom.gr"":""https://www.wizcom.gr/asyrmati-paraggeliolipsia""
""zygaries.gr"":""https://zygaries.gr/shop/tameiaka-systimata/asyrmati-paraggeliolipsia/""
""servitwra.gr"":""https://www.servitwra.gr/app""
""dbsoft.com.gr"":""https://dbsoft.com.gr/%CF%80%CF%81%CE%BF%CF%8A%CE%BF%CE%BD%CF%84%CE%B1/%CE%B1%CF%83%CF%85%CF%81%CE%BC%CE%B1%CF%84%CE%B7-%CF%80%CE%B1%CF%81%CE%B1%CE%B3%CE%B3%CE%B5%CE%BB%CE%B9%CE%BF%CE%BB%CE%B7%CF%88%CE%B9%CE%B1/""
""cardlink.gr"":""https://cardlink.gr/worldline-all-in-one-ordering/""
""dobby.gr"":""https://dobby.gr/asyrmati-parangeliolipsia/""
""easypos365.gr"":""https://www.easypos365.gr/asyrmati-parangeliolipsia/""
""witec.gr"":""https://witec.gr/""
""ordersoft.gr"":""https://ordersoft.gr/asyrmati-paraggeliolipsia/"""
gr,προγραμμα pda,pda,παραγγελιοληψία με tablet,,,,40,6,0.71,0.55,15700000,Informational,"Image Pack, Site Links, Video, Adwords Bottom, Related Searches, AI Overview","0.04,0.04,0.04,0.35,0.04,1.00,0.04,0.08,0.04,0.04,0.04,0.08",20,"""animamenu.gr"":""https://www.animamenu.gr/""
""dionserve.gr"":""https://www.dionserve.gr/""
""simplelivepos.com"":""https://www.simplelivepos.com/""
""servitwra.gr"":""https://www.servitwra.gr/""
""gloriafood.com"":""https://www.gloriafood.com/el""
""dbsoft.com.gr"":""https://dbsoft.com.gr/""
""servitwra.gr"":""https://www.servitwra.gr/app""
""officepro.gr"":""https://officepro.gr/waiter-2-%CE%B1%CF%83%CF%8D%CF%81%CE%BC%CE%B1%CF%84%CE%B7-%CF%80%CE%B1%CF%81%CE%B1%CE%B3%CE%B3%CE%B5%CE%BB%CE%B9%CE%BF%CE%BB%CE%B7%CF%88%CE%AF%CE%B1-%CF%87%CF%89%CF%81%CE%AF%CF%82-%CF%87%CF%81%CE%AE%CF%83%CE%B7-%CE%B7-%CF%85/""
""cardlink.gr"":""https://cardlink.gr/worldline-all-in-one-ordering/""
""zygaries.gr"":""https://zygaries.gr/shop/tameiaka-systimata/asyrmati-paraggeliolipsia/""","""dbsoft.com.gr"":""https://dbsoft.com.gr/""
""animamenu.gr"":""https://www.animamenu.gr/""
""nanosoft.gr"":""https://nanosoft.gr/%CE%B1%CF%83%CF%8D%CF%81%CE%BC%CE%B1%CF%84%CE%B7-%CF%80%CE%B1%CF%81%CE%B1%CE%B3%CE%B3%CE%B5%CE%BB%CE%B9%CE%BF%CE%BB%CE%B7%CF%88%CE%AF%CE%B1-kalypso-restaurant/""
""bratnet.gr"":""https://bratnet.gr/proionta-yphresies/logismiko-programmata/programma-paraggeliolipsia-kafe-bar-estiatorio.html""
""simplelivepos.com"":""https://www.simplelivepos.com/""
""elink.com.gr"":""https://www.elink.com.gr/%CF%80%CF%8E%CF%82-%CE%B4%CE%BF%CF%85%CE%BB%CE%B5%CF%8D%CE%B5%CE%B9-%CE%B7-%CE%B1%CF%83%CF%8D%CF%81%CE%BC%CE%B1%CF%84%CE%B7-%CF%80%CE%B1%CF%81%CE%B1%CE%B3%CE%B3%CE%B5%CE%BB%CE%B9%CE%BF%CE%BB%CE%B7""
""butler.gr"":""https://butler.gr/services/pos""
""techplace.gr"":""https://techplace.gr/ti-einai-ena-systima-parangeliolipsias/""
""zygaries.gr"":""https://zygaries.gr/shop/tameiaka-systimata/asyrmati-paraggeliolipsia/""
""techplace.gr"":""https://techplace.gr/ti-einai-ena-systima-parangeliolipsias/"""
gr,προγραμματα pda,pda,παραγγελιοληψία με tablet,,,,50,11,0.81,0.56,53200000,Informational,"Image Pack, Video, Adwords Bottom, Related Searches, Adwords Middle","0.05,0.03,0.03,0.03,0.05,1.00,0.03,0.13,0.03,0.08,0.03,0.03",75,"""animamenu.gr"":""https://www.animamenu.gr/""
""dionserve.gr"":""https://www.dionserve.gr/""
""simplelivepos.com"":""https://www.simplelivepos.com/""
""servitwra.gr"":""https://www.servitwra.gr/""
""gloriafood.com"":""https://www.gloriafood.com/el""
""dbsoft.com.gr"":""https://dbsoft.com.gr/""
""servitwra.gr"":""https://www.servitwra.gr/app""
""officepro.gr"":""https://officepro.gr/waiter-2-%CE%B1%CF%83%CF%8D%CF%81%CE%BC%CE%B1%CF%84%CE%B7-%CF%80%CE%B1%CF%81%CE%B1%CE%B3%CE%B3%CE%B5%CE%BB%CE%B9%CE%BF%CE%BB%CE%B7%CF%88%CE%AF%CE%B1-%CF%87%CF%89%CF%81%CE%AF%CF%82-%CF%87%CF%81%CE%AE%CF%83%CE%B7-%CE%B7-%CF%85/""
""cardlink.gr"":""https://cardlink.gr/worldline-all-in-one-ordering/""
""zygaries.gr"":""https://zygaries.gr/shop/tameiaka-systimata/asyrmati-paraggeliolipsia/""","""dbsoft.com.gr"":""https://dbsoft.com.gr/""
""technorganosi.gr"":""https://www.technorganosi.gr/asyrmati-paraggeliolipsia""
""animamenu.gr"":""https://www.animamenu.gr/""
""ordersoft.gr"":""https://ordersoft.gr/asyrmati-paraggeliolipsia/""
""butler.gr"":""https://butler.gr/services/pos""
""techplace.gr"":""https://techplace.gr/ti-einai-ena-systima-parangeliolipsias/""
""servitwra.gr"":""https://www.servitwra.gr/""
""witec.gr"":""https://witec.gr/%CE%B1%CF%83%CF%8D%CF%81%CE%BC%CE%B1%CF%84%CE%B7-%CF%80%CE%B1%CF%81%CE%B1%CE%B3%CE%B3%CE%B5%CE%BB%CE%B9%CE%BF%CE%BB%CE%B7%CF%88%CE%AF%CE%B1/""
""pegasus-software.gr"":""https://www.pegasus-software.gr/pegasus-erp-estiasis/""
""easycomtech.gr"":""https://www.easycomtech.gr/simple/"""
gr,pda,,παραγγελιοληψία με tablet,,,,1900,13,0.52,0.19,61800000,Informational,"AI Overview, Image Pack, Video, Image, Related Searches","0.54,0.67,0.67,0.79,0.79,0.79,1.00,1.00,0.79,0.67,0.67,0.67",60,"""animamenu.gr"":""https://www.animamenu.gr/""
""dionserve.gr"":""https://www.dionserve.gr/""
""simplelivepos.com"":""https://www.simplelivepos.com/""
""servitwra.gr"":""https://www.servitwra.gr/""
""gloriafood.com"":""https://www.gloriafood.com/el""
""dbsoft.com.gr"":""https://dbsoft.com.gr/""
""servitwra.gr"":""https://www.servitwra.gr/app""
""officepro.gr"":""https://officepro.gr/waiter-2-%CE%B1%CF%83%CF%8D%CF%81%CE%BC%CE%B1%CF%84%CE%B7-%CF%80%CE%B1%CF%81%CE%B1%CE%B3%CE%B3%CE%B5%CE%BB%CE%B9%CE%BF%CE%BB%CE%B7%CF%88%CE%AF%CE%B1-%CF%87%CF%89%CF%81%CE%AF%CF%82-%CF%87%CF%81%CE%AE%CF%83%CE%B7-%CE%B7-%CF%85/""
""cardlink.gr"":""https://cardlink.gr/worldline-all-in-one-ordering/""
""zygaries.gr"":""https://zygaries.gr/shop/tameiaka-systimata/asyrmati-paraggeliolipsia/""","""skroutz.gr"":""https://www.skroutz.gr/c/136/barcode-scanners/f/1002927/forito-termatiko-pda.html""
""elmisystems.gr"":""https://elmisystems.gr/product-category/tameiaka-systimata/perifereiaka/forita-termatika-pda/""
""technorganosi.gr"":""https://www.technorganosi.gr/asyrmati-paraggeliolipsia""
""pda.uop.gr"":""http://pda.uop.gr/""
""el.wikipedia.org"":""https://el.wikipedia.org/wiki/%CE%A0%CF%81%CE%BF%CF%83%CF%89%CF%80%CE%B9%CE%BA%CF%8C%CF%82_%CF%88%CE%B7%CF%86%CE%B9%CE%B1%CE%BA%CF%8C%CF%82_%CE%BF%CE%B4%CE%B7%CE%B3%CF%8C%CF%82""
""ow.gr"":""https://www.ow.gr/psychologia/arneitai-to-efivo-paidi-sas-na-kanei-douleies-pote-krivetai-ena-sindromo-apo-piso/""
""dbsoft.com.gr"":""https://dbsoft.com.gr/""
""bestprice.gr"":""https://www.bestprice.gr/cat/2575/point-of-sales-systems.html?q=pda""
""pda.org"":""https://pda.org/""
""elink.com.gr"":""https://www.elink.com.gr/%CF%80%CF%8E%CF%82-%CE%B4%CE%BF%CF%85%CE%BB%CE%B5%CF%8D%CE%B5%CE%B9-%CE%B7-%CE%B1%CF%83%CF%8D%CF%81%CE%BC%CE%B1%CF%84%CE%B7-%CF%80%CE%B1%CF%81%CE%B1%CE%B3%CE%B3%CE%B5%CE%BB%CE%B9%CE%BF%CE%BB%CE%B7"""
gr,παραγγελιοληψία για εστιατόριο,,παραγγελιοληψία με tablet,,,,0,0,0.00,0.00,0,,,,,"""animamenu.gr"":""https://www.animamenu.gr/""
""dionserve.gr"":""https://www.dionserve.gr/""
""simplelivepos.com"":""https://www.simplelivepos.com/""
""servitwra.gr"":""https://www.servitwra.gr/""
""gloriafood.com"":""https://www.gloriafood.com/el""
""dbsoft.com.gr"":""https://dbsoft.com.gr/""
""servitwra.gr"":""https://www.servitwra.gr/app""
""officepro.gr"":""https://officepro.gr/waiter-2-%CE%B1%CF%83%CF%8D%CF%81%CE%BC%CE%B1%CF%84%CE%B7-%CF%80%CE%B1%CF%81%CE%B1%CE%B3%CE%B3%CE%B5%CE%BB%CE%B9%CE%BF%CE%BB%CE%B7%CF%88%CE%AF%CE%B1-%CF%87%CF%89%CF%81%CE%AF%CF%82-%CF%87%CF%81%CE%AE%CF%83%CE%B7-%CE%B7-%CF%85/""
""cardlink.gr"":""https://cardlink.gr/worldline-all-in-one-ordering/""
""zygaries.gr"":""https://zygaries.gr/shop/tameiaka-systimata/asyrmati-paraggeliolipsia/""","""simplelivepos.com"":""https://www.simplelivepos.com/""
""wizcom.gr"":""https://www.wizcom.gr/asyrmati-paraggeliolipsia""
""meganet.gr"":""https://meganet.gr/parageliolipsia/""
""servitwra.gr"":""https://www.servitwra.gr/""
""rbs.gr"":""https://rbs.gr/nine-pos/estiatoria/""
""animamenu.gr"":""https://www.animamenu.gr/""
""ordersoft.gr"":""https://ordersoft.gr/asyrmati-paraggeliolipsia/""
""savy.gr"":""https://www.savy.gr/paraggeliolipsia/""
""amicro.gr"":""https://amicro.gr/i-etairia/egkatastaseis-list/paraggeliolipsia""
""gloriafood.com"":""https://www.gloriafood.com/el/pos-leitourgei-i-online-paraggeliolipsia"""
gr,παραγγελιοληψία χωρίς ίντερνετ,,παραγγελιοληψία με tablet,,,,0,0,0.00,0.00,0,,,,,"""animamenu.gr"":""https://www.animamenu.gr/""
""dionserve.gr"":""https://www.dionserve.gr/""
""simplelivepos.com"":""https://www.simplelivepos.com/""
""servitwra.gr"":""https://www.servitwra.gr/""
""gloriafood.com"":""https://www.gloriafood.com/el""
""dbsoft.com.gr"":""https://dbsoft.com.gr/""
""servitwra.gr"":""https://www.servitwra.gr/app""
""officepro.gr"":""https://officepro.gr/waiter-2-%CE%B1%CF%83%CF%8D%CF%81%CE%BC%CE%B1%CF%84%CE%B7-%CF%80%CE%B1%CF%81%CE%B1%CE%B3%CE%B3%CE%B5%CE%BB%CE%B9%CE%BF%CE%BB%CE%B7%CF%88%CE%AF%CE%B1-%CF%87%CF%89%CF%81%CE%AF%CF%82-%CF%87%CF%81%CE%AE%CF%83%CE%B7-%CE%B7-%CF%85/""
""cardlink.gr"":""https://cardlink.gr/worldline-all-in-one-ordering/""
""zygaries.gr"":""https://zygaries.gr/shop/tameiaka-systimata/asyrmati-paraggeliolipsia/""","""animamenu.gr"":""https://www.animamenu.gr/""
""servitwra.gr"":""https://www.servitwra.gr/app""
""officepro.gr"":""https://officepro.gr/waiter-2-%CE%B1%CF%83%CF%8D%CF%81%CE%BC%CE%B1%CF%84%CE%B7-%CF%80%CE%B1%CF%81%CE%B1%CE%B3%CE%B3%CE%B5%CE%BB%CE%B9%CE%BF%CE%BB%CE%B7%CF%88%CE%AF%CE%B1-%CF%87%CF%89%CF%81%CE%AF%CF%82-%CF%87%CF%81%CE%AE%CF%83%CE%B7-%CE%B7-%CF%85/""
""dobby.gr"":""https://dobby.gr/asyrmati-parangeliolipsia/""
""easycomtech.gr"":""https://www.easycomtech.gr/simple/""
""savy.gr"":""https://www.savy.gr/paraggeliolipsia/""
""entersoftonefnb.gr"":""https://entersoftonefnb.gr/asyrmati-paraggeliolipsia/""
""meganet.gr"":""https://meganet.gr/parageliolipsia/""
""quicklypos.com"":""https://quicklypos.com/el/hspda.html""
""dbsoft.com.gr"":""https://dbsoft.com.gr/"""
gr,online παραγγελιοληψία,παραγγελιοληψία,παραγγελιοληψία με tablet,,,,20,0,1.72,0.79,0,,,"0.50,0.25,0.50,1.00,0.25,0.75,0.25,0.25,0.25,0.00,0.25,0.50",,"""animamenu.gr"":""https://www.animamenu.gr/""
""dionserve.gr"":""https://www.dionserve.gr/""
""simplelivepos.com"":""https://www.simplelivepos.com/""
""servitwra.gr"":""https://www.servitwra.gr/""
""gloriafood.com"":""https://www.gloriafood.com/el""
""dbsoft.com.gr"":""https://dbsoft.com.gr/""
""servitwra.gr"":""https://www.servitwra.gr/app""
""officepro.gr"":""https://officepro.gr/waiter-2-%CE%B1%CF%83%CF%8D%CF%81%CE%BC%CE%B1%CF%84%CE%B7-%CF%80%CE%B1%CF%81%CE%B1%CE%B3%CE%B3%CE%B5%CE%BB%CE%B9%CE%BF%CE%BB%CE%B7%CF%88%CE%AF%CE%B1-%CF%87%CF%89%CF%81%CE%AF%CF%82-%CF%87%CF%81%CE%AE%CF%83%CE%B7-%CE%B7-%CF%85/""
""cardlink.gr"":""https://cardlink.gr/worldline-all-in-one-ordering/""
""zygaries.gr"":""https://zygaries.gr/shop/tameiaka-systimata/asyrmati-paraggeliolipsia/""","""simplelivepos.com"":""https://www.simplelivepos.com/""
""onlinefood.gr"":""https://www.onlinefood.gr/""
""gloriafood.com"":""https://www.gloriafood.com/el""
""epsilon.com.gr"":""https://epsilon.com.gr/online-parangeliolipsia/""
""servitwra.gr"":""https://www.servitwra.gr/""
""dbsoft.com.gr"":""https://dbsoft.com.gr/%CF%80%CF%81%CE%BF%CF%8A%CE%BF%CE%BD%CF%84%CE%B1/takeaway-%CF%80%CE%B1%CE%BA%CE%B5%CF%84%CE%BF/""
""fimble.io"":""https://www.fimble.io/el/blog/what-is-an-online-food-ordering-system""
""animamenu.gr"":""https://www.animamenu.gr/""
""witec.gr"":""https://witec.gr/""
""quicklypos.com"":""https://quicklypos.com/el/hspda.html"""
gr,παραγγελιοληψία με tablet,παραγγελιοληψία,παραγγελιοληψία με tablet,,,,10,0,0.00,0.76,0,,,"0.50,0.50,1.00,0.50,1.00,0.00,0.00,0.00,0.00,0.50,0.50,0.50",,"""animamenu.gr"":""https://www.animamenu.gr/""
""dionserve.gr"":""https://www.dionserve.gr/""
""simplelivepos.com"":""https://www.simplelivepos.com/""
""servitwra.gr"":""https://www.servitwra.gr/""
""gloriafood.com"":""https://www.gloriafood.com/el""
""dbsoft.com.gr"":""https://dbsoft.com.gr/""
""servitwra.gr"":""https://www.servitwra.gr/app""
""officepro.gr"":""https://officepro.gr/waiter-2-%CE%B1%CF%83%CF%8D%CF%81%CE%BC%CE%B1%CF%84%CE%B7-%CF%80%CE%B1%CF%81%CE%B1%CE%B3%CE%B3%CE%B5%CE%BB%CE%B9%CE%BF%CE%BB%CE%B7%CF%88%CE%AF%CE%B1-%CF%87%CF%89%CF%81%CE%AF%CF%82-%CF%87%CF%81%CE%AE%CF%83%CE%B7-%CE%B7-%CF%85/""
""cardlink.gr"":""https://cardlink.gr/worldline-all-in-one-ordering/""
""zygaries.gr"":""https://zygaries.gr/shop/tameiaka-systimata/asyrmati-paraggeliolipsia/""","""animamenu.gr"":""https://www.animamenu.gr/""
""easycomtech.gr"":""https://www.easycomtech.gr/simple/""
""infovalue.gr"":""https://www.infovalue.gr/%CF%80%CE%B1%CF%81%CE%B1%CE%B3%CE%B3%CE%B5%CE%BB%CE%B9%CE%BF%CE%BB%CE%B7%CF%88%CE%B9%CE%B1-%CF%80%CF%89%CE%BB%CE%B7%CF%84%CE%B5%CF%82-mobile-tablet-smartphone""
""fimble.io"":""https://www.fimble.io/el/instore-ordering""
""dobby.gr"":""https://dobby.gr/asyrmati-parangeliolipsia/""
""cardlink.gr"":""https://cardlink.gr/worldline-all-in-one-ordering/""
""noulis.gr"":""https://noulis.gr/efa-9pos-basic-6-mines-efarmogi-9pos-basic-android-app-gia-parangeliolipsia-diachirisi-pelaton-parangelion-delivery-sindromi-6-mines""
""dbsoft.com.gr"":""https://dbsoft.com.gr/""
""officepro.gr"":""https://officepro.gr/waiter-2-%CE%B1%CF%83%CF%8D%CF%81%CE%BC%CE%B1%CF%84%CE%B7-%CF%80%CE%B1%CF%81%CE%B1%CE%B3%CE%B3%CE%B5%CE%BB%CE%B9%CE%BF%CE%BB%CE%B7%CF%88%CE%AF%CE%B1-%CF%87%CF%89%CF%81%CE%AF%CF%82-%CF%87%CF%81%CE%AE%CF%83%CE%B7-%CE%B7-%CF%85/""
""dionserve.gr"":""https://www.dionserve.gr/"""
gr,android παραγγελιοληψία,παραγγελιοληψία,παραγγελιοληψία με tablet,,,,0,0,0.00,0.00,0,,,"0.00,0.00,0.00,0.00,0.00,0.00,0.00,0.00,0.00,0.00,0.00,0.00",,"""animamenu.gr"":""https://www.animamenu.gr/""
""dionserve.gr"":""https://www.dionserve.gr/""
""simplelivepos.com"":""https://www.simplelivepos.com/""
""servitwra.gr"":""https://www.servitwra.gr/""
""gloriafood.com"":""https://www.gloriafood.com/el""
""dbsoft.com.gr"":""https://dbsoft.com.gr/""
""servitwra.gr"":""https://www.servitwra.gr/app""
""officepro.gr"":""https://officepro.gr/waiter-2-%CE%B1%CF%83%CF%8D%CF%81%CE%BC%CE%B1%CF%84%CE%B7-%CF%80%CE%B1%CF%81%CE%B1%CE%B3%CE%B3%CE%B5%CE%BB%CE%B9%CE%BF%CE%BB%CE%B7%CF%88%CE%AF%CE%B1-%CF%87%CF%89%CF%81%CE%AF%CF%82-%CF%87%CF%81%CE%AE%CF%83%CE%B7-%CE%B7-%CF%85/""
""cardlink.gr"":""https://cardlink.gr/worldline-all-in-one-ordering/""
""zygaries.gr"":""https://zygaries.gr/shop/tameiaka-systimata/asyrmati-paraggeliolipsia/""","""play.google.com"":""https://play.google.com/store/apps/details?id=com.ipwaiter.droid&hl=el""
""easypos365.gr"":""https://www.easypos365.gr/product/easypos365-android/""
""noulis.gr"":""https://noulis.gr/efa-9pos-basic-6-mines-efarmogi-9pos-basic-android-app-gia-parangeliolipsia-diachirisi-pelaton-parangelion-delivery-sindromi-6-mines""
""sbzsystems.com"":""https://www.sbzsystems.com/el/programmata/click-n-eat/""
""quicklypos.com"":""https://quicklypos.com/el/hspda.html""
""animamenu.gr"":""https://www.animamenu.gr/""
""elink.com.gr"":""https://www.elink.com.gr/product/android-%CF%80%CE%B1%CF%81%CE%B1%CE%B3%CE%B3%CE%B5%CE%BB%CE%B9%CE%BF%CE%BB%CE%B7%CF%88%CE%AF%CE%B1-jpapp""
""dionserve.gr"":""https://www.dionserve.gr/""
""officepro.gr"":""https://officepro.gr/waiter-2-%CE%B1%CF%83%CF%8D%CF%81%CE%BC%CE%B1%CF%84%CE%B7-%CF%80%CE%B1%CF%81%CE%B1%CE%B3%CE%B3%CE%B5%CE%BB%CE%B9%CE%BF%CE%BB%CE%B7%CF%88%CE%AF%CE%B1-%CF%87%CF%89%CF%81%CE%AF%CF%82-%CF%87%CF%81%CE%AE%CF%83%CE%B7-%CE%B7-%CF%85/""
""skroutz.gr"":""https://www.skroutz.gr/c/116/commercial_software/f/1579263/diacheirisis.html?page=2"""
gr,pda τι ειναι,,,,,,320,0,0.50,0.04,16600,Informational,"Video, Image, Related Searches, See Results About, AI Overview","0.44,0.66,0.54,0.36,0.36,0.54,0.66,1.00,0.54,0.44,0.44,0.54",,,"""ow.gr"":""https://www.ow.gr/psychologia/arneitai-to-efivo-paidi-sas-na-kanei-douleies-pote-krivetai-ena-sindromo-apo-piso/""
""psychologynow.gr"":""https://www.psychologynow.gr/arthra-psyxikis-ygeias/psyxikes-diataraxes/diataraxi-aftistikou-fasmatos/i-pathologiki-apofygi-apaitiseon-ston-aftismo-anastasia-gonti/""
""el.wikipedia.org"":""https://el.wikipedia.org/wiki/%CE%A0%CF%81%CE%BF%CF%83%CF%89%CF%80%CE%B9%CE%BA%CF%8C%CF%82_%CF%88%CE%B7%CF%86%CE%B9%CE%B1%CE%BA%CF%8C%CF%82_%CE%BF%CE%B4%CE%B7%CE%B3%CF%8C%CF%82""
""elink.com.gr"":""https://www.elink.com.gr/%CF%80%CF%8E%CF%82-%CE%B4%CE%BF%CF%85%CE%BB%CE%B5%CF%8D%CE%B5%CE%B9-%CE%B7-%CE%B1%CF%83%CF%8D%CF%81%CE%BC%CE%B1%CF%84%CE%B7-%CF%80%CE%B1%CF%81%CE%B1%CE%B3%CE%B3%CE%B5%CE%BB%CE%B9%CE%BF%CE%BB%CE%B7""
""reddit.com"":""https://www.reddit.com/r/AutismInWomen/comments/y16z4u/the_pda_pathological_demand_avoidancepersistent/?tl=el""
""facebook.com"":""https://www.facebook.com/ypostirixi.net/posts/%CF%84%CE%B9-%CE%B5%CE%AF%CE%BD%CE%B1%CE%B9-%CE%B7-pda-10-%CF%80%CF%81%CE%AC%CE%B3%CE%BC%CE%B1%CF%84%CE%B1-%CF%80%CE%BF%CF%85-%CF%87%CF%81%CE%B5%CE%B9%CE%AC%CE%B6%CE%B5%CF%84%CE%B1%CE%B9-%CE%BD%CE%B1-%CE%B3%CE%BD%CF%89%CF%81%CE%AF%CE%B6%CE%B5%CF%84%CE%B5-%CE%B3%CE%B9%CE%B1-%CF%84%CE%B7%CE%BD-%CF%80%CE%B1%CE%B8%CE%BF%CE%BB%CE%BF%CE%B3%CE%B9%CE%BA%CE%AE-%CE%B1%CF%80%CE%BF%CF%86%CF%85%CE%B3/1261096599366892/""
""apollohospitals.com"":""https://www.apollohospitals.com/el/procedures/patent-ductus-arteriosus-pda""
""xn--mxaafdcskbbdjf5cbbqjk8acaf.gr"":""https://www.xn--mxaafdcskbbdjf5cbbqjk8acaf.gr/2019/02/02/%CE%BF-%CE%B1%CE%BD%CE%BF%CE%B9%CE%BA%CF%84%CE%BF%CF%83-%CE%B1%CF%81%CF%84%CE%B7%CF%81%CE%B9%CE%B1%CE%BA%CE%BF%CF%83-%CF%80%CE%BF%CF%81%CE%BF%CF%83-pda/""
""youtube.com"":""https://www.youtube.com/watch?v=GU0GNMzGoSg""
""logos3pl.com"":""https://logos3pl.com/el/glossary/pda-proforma-disbursement-account/"""
gr,παραγγελιοληψια εργασια,παραγγελιοληψία,,,,,30,0,0.28,0.23,0,,,"0.14,0.14,0.43,1.00,0.29,0.14,0.14,1.00,0.14,0.43,0.29,0.14",,,"""jobfind.gr"":""https://www.jobfind.gr/JobAds/exipiretisi_pelaton_paraggeliolipsia/all/GR/Theseis_Ergasias""
""gr.indeed.com"":""https://gr.indeed.com/q-%CE%A0%CE%B1%CF%81%CE%B1%CE%B3%CE%B3%CE%B5%CE%BB%CE%B9%CE%BF%CE%BB%CE%B7%CF%88%CE%B9%CE%B1-%CE%B8%CE%AD%CF%83%CE%B5%CE%B9%CF%82-%CE%B5%CF%81%CE%B3%CE%B1%CF%83%CE%AF%CE%B1%CF%82.html""
""gr.jooble.org"":""https://gr.jooble.org/%CE%B5%CF%81%CE%B3%CE%B1%CF%83%CE%AF%CE%B1-%CF%85%CF%80%CE%AC%CE%BB%CE%BB%CE%B7%CE%BB%CE%BF%CF%82+%CE%B3%CF%81%CE%B1%CF%86%CE%B5%CE%AF%CE%BF%CF%85+-%CF%80%CE%B1%CF%81%CE%B1%CE%B3%CE%B3%CE%B5%CE%BB%CE%B9%CE%BF%CE%BB%CE%B7%CF%88%CE%AF%CE%B1""
""xe.gr"":""https://www.xe.gr/%CE%B5%CF%81%CE%B3%CE%B1%CF%83%CE%AF%CE%B1/%CE%B8%CE%AD%CF%83%CE%B5%CE%B9%CF%82-%CE%B5%CF%81%CE%B3%CE%B1%CF%83%CE%AF%CE%B1%CF%82-%CF%85%CF%80%CE%AC%CE%BB%CE%BB%CE%B7%CE%BB%CE%BF%CF%82-%CE%B3%CF%81%CE%B1%CF%86%CE%B5%CE%AF%CE%BF%CF%85""
""gr.indeed.com"":""https://gr.indeed.com/%CE%A0%CE%B1%CF%81%CE%B1%CE%B3%CE%B3%CE%B5%CE%BB%CE%B9%CE%BF%CE%BB%CE%B7%CF%88%CE%B9%CE%B1-jobs-in-%CE%91%CF%84%CF%84%CE%B9%CE%BA%CE%AE""
""kariera.gr"":""https://www.kariera.gr/jobs/administrative-or-secretarial-jobs/277103""
""skywalker.gr"":""https://www.skywalker.gr/el/aggelia-ergasias/01k99gv1c5jxryjnxz2z8zztqz/parangeliolipsia%C2%A0-%C2%A0proetoimasia%C2%A0parangelion""
""jobfind.gr"":""https://www.jobfind.gr/JobAds/exipiretisi_pelaton_paraggeliolipsia/Athens/GR/Theseis_Ergasias""
""gr.jooble.org"":""https://gr.jooble.org/%CE%B5%CF%81%CE%B3%CE%B1%CF%83%CE%AF%CE%B1-%CF%85%CF%80%CE%AC%CE%BB%CE%BB%CE%B7%CE%BB%CE%BF%CF%82+%CE%B3%CF%81%CE%B1%CF%86%CE%B5%CE%AF%CE%BF%CF%85+-%CF%80%CE%B1%CF%81%CE%B1%CE%B3%CE%B3%CE%B5%CE%BB%CE%B9%CE%BF%CE%BB%CE%B7%CF%88%CE%AF%CE%B1/%CE%91%CE%B8%CE%AE%CE%BD%CE%B1""
""careerjet.gr"":""https://www.careerjet.gr/%CE%B5%CF%81%CE%B3%CE%B1%CF%83%CE%B9%CE%B1-%CF%80%CE%B1%CF%81%CE%B1%CE%B3%CE%B3%CE%B5%CE%BB%CE%B9%CE%BF%CE%BB%CE%B7%CF%88%CE%B9%CE%B1/%CE%95%CF%85%CE%B1%CE%B3%CE%B3%CE%B5%CE%BB%CE%AF%CF%83%CF%84%CF%81%CE%B9%CE%B1-(%CE%A0%CE%B5%CE%B9%CF%81%CE%B1%CE%B9%CE%AC%CF%82)"""
gr,σερβιτοροσ,,,,,,390,14,0.09,0.11,54900,"Informational, Commercial","Site Links, Video, Related Searches","1.00,0.66,0.54,0.66,0.54,0.81,0.66,0.66,0.66,0.66,0.54,0.54",20,,"""xe.gr"":""https://www.xe.gr/%CE%B5%CF%81%CE%B3%CE%B1%CF%83%CE%AF%CE%B1/%CE%B8%CE%AD%CF%83%CE%B5%CE%B9%CF%82-%CE%B5%CF%81%CE%B3%CE%B1%CF%83%CE%AF%CE%B1%CF%82-%CF%83%CE%B5%CF%81%CE%B2%CE%B9%CF%84%CF%8C%CF%81%CE%BF%CF%82""
""myjobnow.com"":""https://www.myjobnow.com/jobs/waiter_waitress/""
""jobfind.gr"":""https://www.jobfind.gr/JobAds/servitoroi_voithoi_servitoron/athens/GR/Theseis_Ergasias""
""el.wiktionary.org"":""https://el.wiktionary.org/wiki/%CF%83%CE%B5%CF%81%CE%B2%CE%B9%CF%84%CF%8C%CF%81%CE%BF%CF%82""
""gr.indeed.com"":""https://gr.indeed.com/q-%CE%A3%CE%B5%CF%81%CE%B2%CE%B9%CF%84%CE%BF%CF%81%CE%BF%CF%82-%CE%B8%CE%AD%CF%83%CE%B5%CE%B9%CF%82-%CE%B5%CF%81%CE%B3%CE%B1%CF%83%CE%AF%CE%B1%CF%82.html""
""gr.jooble.org"":""https://gr.jooble.org/%CE%B5%CF%81%CE%B3%CE%B1%CF%83%CE%AF%CE%B1-%CF%83%CE%B5%CE%B6%CF%8C%CE%BD-%CF%83%CE%B5%CF%81%CE%B2%CE%B9%CF%84%CF%8C%CF%81%CE%BF%CF%82""
""mywage.gr"":""https://mywage.gr/career/epaggelmata-kai-misthoi/serbitoroi""
""kariera.gr"":""https://www.kariera.gr/jobs?title=%CF%83%CE%B5%CF%81%CE%B2%CE%B9%CF%84%CE%BF%CF%81%CE%BF%CF%82""
""mandynamic.gr"":""https://mandynamic.gr/epitiximenos-servitoros""
""jobfind.gr"":""https://www.jobfind.gr/JobAds/servitoroi_voithoi_servitoron/thessaloniki/GR/Theseis_Ergasias"""
