pospal.gr/asyrmati-parageliolipsia-estiasi,https://pospal.gr/asyrmati-paraggeliolipsia.html,301,FALSE,FALSE,FALSE,FALSE
www.pospal.gr/asyrmati-parageliolipsia-estiasi,https://pospal.gr/asyrmati-paraggeliolipsia.html,301,FALSE,FALSE,FALSE,FALSE
pospal.gr/asyrmati-parageliolipsia-estiasi/,https://pospal.gr/asyrmati-paraggeliolipsia.html,301,FALSE,FALSE,FALSE,FALSE
www.pospal.gr/asyrmati-parageliolipsia-estiasi/,https://pospal.gr/asyrmati-paraggeliolipsia.html,301,FALSE,FALSE,FALSE,FALSE
pospal.gr/asyrmati-parageliolipsia-estiasi/index.html,https://pospal.gr/asyrmati-paraggeliolipsia.html,301,FALSE,FALSE,FALSE,FALSE
www.pospal.gr/asyrmati-parageliolipsia-estiasi/index.html,https://pospal.gr/asyrmati-paraggeliolipsia.html,301,FALSE,FALSE,FALSE,FALSE
pospal.gr/buy-license.html,https://pospal.gr/times.html,301,FALSE,FALSE,FALSE,FALSE
www.pospal.gr/buy-license.html,https://pospal.gr/times.html,301,FALSE,FALSE,FALSE,FALSE
pospal.gr/dwrean-dokimi-30-imeron,https://pospal.gr/download/,301,FALSE,FALSE,FALSE,FALSE
www.pospal.gr/dwrean-dokimi-30-imeron,https://pospal.gr/download/,301,FALSE,FALSE,FALSE,FALSE
pospal.gr/dwrean-dokimi-30-imeron/,https://pospal.gr/download/,301,FALSE,FALSE,FALSE,FALSE
www.pospal.gr/dwrean-dokimi-30-imeron/,https://pospal.gr/download/,301,FALSE,FALSE,FALSE,FALSE
pospal.gr/dwrean-dokimi-30-imeron/index.html,https://pospal.gr/download/,301,FALSE,FALSE,FALSE,FALSE
www.pospal.gr/dwrean-dokimi-30-imeron/index.html,https://pospal.gr/download/,301,FALSE,FALSE,FALSE,FALSE
pospal.gr/eula.html,https://pospal.gr/eula/,301,FALSE,FALSE,FALSE,FALSE
www.pospal.gr/eula.html,https://pospal.gr/eula/,301,FALSE,FALSE,FALSE,FALSE
pospal.gr/guides/beach-bar-setup.html,https://pospal.gr/paraggelio-lipsia-gia-beach-bar.html,301,FALSE,FALSE,FALSE,FALSE
www.pospal.gr/guides/beach-bar-setup.html,https://pospal.gr/paraggelio-lipsia-gia-beach-bar.html,301,FALSE,FALSE,FALSE,FALSE
pospal.gr/guides/connect-staff-devices,https://pospal.gr/guides/app-tour/,301,FALSE,FALSE,FALSE,FALSE
www.pospal.gr/guides/connect-staff-devices,https://pospal.gr/guides/app-tour/,301,FALSE,FALSE,FALSE,FALSE
pospal.gr/guides/connect-staff-devices/,https://pospal.gr/guides/app-tour/,301,FALSE,FALSE,FALSE,FALSE
www.pospal.gr/guides/connect-staff-devices/,https://pospal.gr/guides/app-tour/,301,FALSE,FALSE,FALSE,FALSE
pospal.gr/guides/connect-staff-devices/index.html,https://pospal.gr/guides/app-tour/,301,FALSE,FALSE,FALSE,FALSE
www.pospal.gr/guides/connect-staff-devices/index.html,https://pospal.gr/guides/app-tour/,301,FALSE,FALSE,FALSE,FALSE
pospal.gr/guides/index_backup.html,https://pospal.gr/guides/,301,FALSE,FALSE,FALSE,FALSE
www.pospal.gr/guides/index_backup.html,https://pospal.gr/guides/,301,FALSE,FALSE,FALSE,FALSE
pospal.gr/guides/logariasmos-kai-pliromes,https://pospal.gr/guides/account/,301,FALSE,FALSE,FALSE,FALSE
www.pospal.gr/guides/logariasmos-kai-pliromes,https://pospal.gr/guides/account/,301,FALSE,FALSE,FALSE,FALSE
pospal.gr/guides/logariasmos-kai-pliromes/,https://pospal.gr/guides/account/,301,FALSE,FALSE,FALSE,FALSE
www.pospal.gr/guides/logariasmos-kai-pliromes/,https://pospal.gr/guides/account/,301,FALSE,FALSE,FALSE,FALSE
pospal.gr/guides/logariasmos-kai-pliromes/index.html,https://pospal.gr/guides/account/,301,FALSE,FALSE,FALSE,FALSE
www.pospal.gr/guides/logariasmos-kai-pliromes/index.html,https://pospal.gr/guides/account/,301,FALSE,FALSE,FALSE,FALSE
pospal.gr/guides/proto-menou-kai-qr,https://pospal.gr/guides/qr-menu/,301,FALSE,FALSE,FALSE,FALSE
www.pospal.gr/guides/proto-menou-kai-qr,https://pospal.gr/guides/qr-menu/,301,FALSE,FALSE,FALSE,FALSE
pospal.gr/guides/proto-menou-kai-qr/,https://pospal.gr/guides/qr-menu/,301,FALSE,FALSE,FALSE,FALSE
www.pospal.gr/guides/proto-menou-kai-qr/,https://pospal.gr/guides/qr-menu/,301,FALSE,FALSE,FALSE,FALSE
pospal.gr/guides/proto-menou-kai-qr/index.html,https://pospal.gr/guides/qr-menu/,301,FALSE,FALSE,FALSE,FALSE
www.pospal.gr/guides/proto-menou-kai-qr/index.html,https://pospal.gr/guides/qr-menu/,301,FALSE,FALSE,FALSE,FALSE
pospal.gr/guides/qr-menu-best-practices.html,https://pospal.gr/guides/qr-menu/,301,FALSE,FALSE,FALSE,FALSE
www.pospal.gr/guides/qr-menu-best-practices.html,https://pospal.gr/guides/qr-menu/,301,FALSE,FALSE,FALSE,FALSE
pospal.gr/guides/stisimo-ektypoti,https://pospal.gr/guides/printer-setup/,301,FALSE,FALSE,FALSE,FALSE
www.pospal.gr/guides/stisimo-ektypoti,https://pospal.gr/guides/printer-setup/,301,FALSE,FALSE,FALSE,FALSE
pospal.gr/guides/stisimo-ektypoti/,https://pospal.gr/guides/printer-setup/,301,FALSE,FALSE,FALSE,FALSE
www.pospal.gr/guides/stisimo-ektypoti/,https://pospal.gr/guides/printer-setup/,301,FALSE,FALSE,FALSE,FALSE
pospal.gr/guides/stisimo-ektypoti/index.html,https://pospal.gr/guides/printer-setup/,301,FALSE,FALSE,FALSE,FALSE
www.pospal.gr/guides/stisimo-ektypoti/index.html,https://pospal.gr/guides/printer-setup/,301,FALSE,FALSE,FALSE,FALSE
pospal.gr/guides/test-order,https://pospal.gr/guides/app-tour/,301,FALSE,FALSE,FALSE,FALSE
www.pospal.gr/guides/test-order,https://pospal.gr/guides/app-tour/,301,FALSE,FALSE,FALSE,FALSE
pospal.gr/guides/test-order/,https://pospal.gr/guides/app-tour/,301,FALSE,FALSE,FALSE,FALSE
www.pospal.gr/guides/test-order/,https://pospal.gr/guides/app-tour/,301,FALSE,FALSE,FALSE,FALSE
pospal.gr/guides/test-order/index.html,https://pospal.gr/guides/app-tour/,301,FALSE,FALSE,FALSE,FALSE
www.pospal.gr/guides/test-order/index.html,https://pospal.gr/guides/app-tour/,301,FALSE,FALSE,FALSE,FALSE
pospal.gr/installation-guide.html,https://pospal.gr/guides/windows-installation/,301,FALSE,FALSE,FALSE,FALSE
www.pospal.gr/installation-guide.html,https://pospal.gr/guides/windows-installation/,301,FALSE,FALSE,FALSE,FALSE
pospal.gr/legal/eula.html,https://pospal.gr/eula/,301,FALSE,FALSE,FALSE,FALSE
www.pospal.gr/legal/eula.html,https://pospal.gr/eula/,301,FALSE,FALSE,FALSE,FALSE
pospal.gr/legal/privacy.html,https://pospal.gr/privacy/,301,FALSE,FALSE,FALSE,FALSE
www.pospal.gr/legal/privacy.html,https://pospal.gr/privacy/,301,FALSE,FALSE,FALSE,FALSE
pospal.gr/paraggelies-gia-estiash.html,https://pospal.gr/systima-paraggeliolipsias.html,301,FALSE,FALSE,FALSE,FALSE
www.pospal.gr/paraggelies-gia-estiash.html,https://pospal.gr/systima-paraggeliolipsias.html,301,FALSE,FALSE,FALSE,FALSE
pospal.gr/pda-gia-kafeteria,https://pospal.gr/pda-gia-kafeteries.html,301,FALSE,FALSE,FALSE,FALSE
www.pospal.gr/pda-gia-kafeteria,https://pospal.gr/pda-gia-kafeteries.html,301,FALSE,FALSE,FALSE,FALSE
pospal.gr/pda-gia-kafeteria/,https://pospal.gr/pda-gia-kafeteries.html,301,FALSE,FALSE,FALSE,FALSE
www.pospal.gr/pda-gia-kafeteria/,https://pospal.gr/pda-gia-kafeteries.html,301,FALSE,FALSE,FALSE,FALSE
pospal.gr/pda-gia-kafeteria/index.html,https://pospal.gr/pda-gia-kafeteries.html,301,FALSE,FALSE,FALSE,FALSE
www.pospal.gr/pda-gia-kafeteria/index.html,https://pospal.gr/pda-gia-kafeteries.html,301,FALSE,FALSE,FALSE,FALSE
pospal.gr/privacy.html,https://pospal.gr/privacy/,301,FALSE,FALSE,FALSE,FALSE
www.pospal.gr/privacy.html,https://pospal.gr/privacy/,301,FALSE,FALSE,FALSE,FALSE
pospal.gr/prototype/homepage-v3,https://pospal.gr/,301,FALSE,FALSE,FALSE,FALSE
www.pospal.gr/prototype/homepage-v3,https://pospal.gr/,301,FALSE,FALSE,FALSE,FALSE
pospal.gr/prototype/homepage-v3/,https://pospal.gr/,301,FALSE,FALSE,FALSE,FALSE
www.pospal.gr/prototype/homepage-v3/,https://pospal.gr/,301,FALSE,FALSE,FALSE,FALSE
pospal.gr/prototype/homepage-v3/index.html,https://pospal.gr/,301,FALSE,FALSE,FALSE,FALSE
www.pospal.gr/prototype/homepage-v3/index.html,https://pospal.gr/,301,FALSE,FALSE,FALSE,FALSE
pospal.gr/qr-menu-estiasis,https://pospal.gr/guides/qr-menu/,301,FALSE,FALSE,FALSE,FALSE
www.pospal.gr/qr-menu-estiasis,https://pospal.gr/guides/qr-menu/,301,FALSE,FALSE,FALSE,FALSE
pospal.gr/qr-menu-estiasis/,https://pospal.gr/guides/qr-menu/,301,FALSE,FALSE,FALSE,FALSE
www.pospal.gr/qr-menu-estiasis/,https://pospal.gr/guides/qr-menu/,301,FALSE,FALSE,FALSE,FALSE
pospal.gr/qr-menu-estiasis/index.html,https://pospal.gr/guides/qr-menu/,301,FALSE,FALSE,FALSE,FALSE
www.pospal.gr/qr-menu-estiasis/index.html,https://pospal.gr/guides/qr-menu/,301,FALSE,FALSE,FALSE,FALSE
pospal.gr/qr-menu-gia-estiash.html,https://pospal.gr/guides/qr-menu/,301,FALSE,FALSE,FALSE,FALSE
www.pospal.gr/qr-menu-gia-estiash.html,https://pospal.gr/guides/qr-menu/,301,FALSE,FALSE,FALSE,FALSE
pospal.gr/support.html,https://pospal.gr/guides/,301,FALSE,FALSE,FALSE,FALSE
www.pospal.gr/support.html,https://pospal.gr/guides/,301,FALSE,FALSE,FALSE,FALSE
pospal.gr/times-systimatos-parageliolipsias,https://pospal.gr/times.html,301,FALSE,FALSE,FALSE,FALSE
www.pospal.gr/times-systimatos-parageliolipsias,https://pospal.gr/times.html,301,FALSE,FALSE,FALSE,FALSE
pospal.gr/times-systimatos-parageliolipsias/,https://pospal.gr/times.html,301,FALSE,FALSE,FALSE,FALSE
www.pospal.gr/times-systimatos-parageliolipsias/,https://pospal.gr/times.html,301,FALSE,FALSE,FALSE,FALSE
pospal.gr/times-systimatos-parageliolipsias/index.html,https://pospal.gr/times.html,301,FALSE,FALSE,FALSE,FALSE
www.pospal.gr/times-systimatos-parageliolipsias/index.html,https://pospal.gr/times.html,301,FALSE,FALSE,FALSE,FALSE
