line,existing_source,existing_target,existing_status,final_disposition,reason
1,/prototype/homepage-v3/,/,301,301 -> /,"A: June 26 promotion: prototype deleted and production index.html replaced with the same homepage direction. Root is its specific published successor; this is the sole homepage-target family, not an unrelated catch-all."
2,/buy-license.html,/download/,301,301 -> /times.html,B: Purchase/subscription evaluation is retained in current pricing and activation guidance. Old standalone purchase flow is retired; pricing is closer than a bare download.
3,/support.html,/guides/,301,301 -> /guides/,"B: Old support/contact page is reasonably succeeded by the maintained installation/support guide hub, including troubleshooting navigation. This preserves obtaining support, but the old direct email-contact presentation is not retained on the hub; B-level rather than exact equivalence. The maintained hub is identified as the support destination in repository context."
4,/privacy.html,/privacy/,301,301 -> /privacy/,A: Existing HTTP-200 legal bridge explicitly names this successor via canonical and immediate meta refresh. Target legal page remains noindex; this map does not change indexing policy.
5,/eula.html,/eula/,301,301 -> /eula/,A: Existing HTTP-200 legal bridge explicitly names this successor via canonical and immediate meta refresh. Target legal page remains noindex; this map does not change indexing policy.
6,/legal/privacy.html,/privacy/,301,301 -> /privacy/,A: Existing HTTP-200 legal bridge explicitly names this successor via canonical and immediate meta refresh. Target legal page remains noindex; this map does not change indexing policy.
7,/legal/eula.html,/eula/,301,301 -> /eula/,A: Existing HTTP-200 legal bridge explicitly names this successor via canonical and immediate meta refresh. Target legal page remains noindex; this map does not change indexing policy.
8,/installation-guide.html,/guides/,301,301 -> /guides/windows-installation/,A: Archived canonical and refresh already name this exact installation successor; bypass the guide hub.
9,/pospal-demo-coffee-desktop.html,/download/,301,retain 404,"C: Historical interactive browser demo or alias to one. No current canonical interactive demo exists. Windows installation is a different experience, especially for mobile visitors; do not treat a download CTA as equivalent content. Current disposition: retain 404; no 410 change requested."
10,/pospal-demo-coffee-mobile.html,/download/,301,retain 404,"C: Historical interactive browser demo or alias to one. No current canonical interactive demo exists. Windows installation is a different experience, especially for mobile visitors; do not treat a download CTA as equivalent content. Current disposition: retain 404; no 410 change requested."
11,/qr-menu-demo.html,/,301,retain 404,C: Historical customer-facing interactive menu sample. Neither the homepage nor an owner setup tutorial reproduces the sample. Current disposition: retain 404; no 410 change requested.
12,/menu-estiatoriou.html,/,301,retain 404,"C: Historical menu structure and price-list organisation page. Current app-tour covers editing and QR guide covers publication, but neither retains the full menu/price-list planning intent. Current disposition: retain 404; no 410 change requested."
13,/qr-menu-gia-estiash.html,/,301,301 -> /guides/qr-menu/,"B: Archived POSPal QR landing explains catalogue updates, presentation and setup; maintained QR tutorial directly covers preparing/publishing that feature. Historical text has encoding corruption; topic is corroborated by headings/links and adjacent QR page."
14,/paraggelies-gia-estiash.html,/,301,301 -> /systima-paraggeliolipsias.html,"B: Old hospitality order-workflow explanation is consolidated in current system page: capture, local flow and kitchen delivery. Closer than configured homepage."
15,/dwrean-dokimi-30-imeron/,/download/,301,301 -> /download/,A: Same 30-day POSPal trial entry; the current Windows download explicitly begins the trial.
16,/pda-gia-kafeteria/,/pda-gia-kafeteries.html,301,301 -> /pda-gia-kafeteries.html,A: Same cafe PDA/order-taking solution and audience; historical canonical was slashless.
17,/times-systimatos-parageliolipsias/,/times.html,301,301 -> /times.html,A: Same subscription pricing and inclusions; historical canonical was slashless; corrects migration failure.
18,/qr-menu-estiasis/,/,301,301 -> /guides/qr-menu/,"B: Historical content promotes POSPal shared-catalogue QR menu and explains setup/publication. Current POSPal QR tutorial is a useful same-product successor, not an unrelated home page. It is a tutorial rather than a sales landing."
19,/asyrmati-parageliolipsia-estiasi/,/asyrmati-paraggeliolipsia.html,301,301 -> /asyrmati-paraggeliolipsia.html,A: Same wireless ordering solution and local-network topic; historical canonical was slashless.
20,/guides/connect-staff-devices/,/guides/,301,301 -> /guides/app-tour/,"B: Current first-use guide explicitly walks through staff phone QR connection, matching the retired connection task. Broader page but contains the required task."
21,/guides/test-order/,/guides/,301,301 -> /guides/app-tour/,B: Current first-use guide explicitly includes sending the first order and checking its flow; preserves the old primary task.
22,/guides/food-truck-mobile/,/guides/,301,retain 404,C: Food-truck shift workflow and small-team fallback routines are not retained by a dedicated current page. Current disposition: retain 404; no 410 change requested.
23,/guides/first-week-optimization/,/guides/,301,retain 404,C: Day 1-7 optimisation checklist and measurement sequence are absent from current first-use tutorial. Current disposition: retain 404; no 410 change requested.
24,/guides/logariasmos-kai-pliromes/,/guides/,301,301 -> /guides/account/,"A: Substantive historical guide covers trial-to-subscription, account and billing; current account guide covers licence, subscription, payment portal and billing. Bypass later generic-hub shell."
25,/guides/proto-menou-kai-qr/,/guides/,301,301 -> /guides/qr-menu/,"B: Historical task culminated in publishing menu and downloading/testing QR. Current QR guide supplies these steps, with catalogue-entry prerequisites; not an exact copy of the starter checklist."
26,/guides/seasonal-management/,/guides/,301,retain 404,"C: Multi-venue seasonal opening, staff organisation and first-week plan are not fully retained by beach-bar sales content. Current disposition: retain 404; no 410 change requested."
27,/guides/beach-bar-setup.html,/guides/,301,301 -> /paraggelio-lipsia-gia-beach-bar.html,"B: Historical guide concerns pre-season setup, long service distances, clear notes and test orders. Current beach-bar page retains these operational topics and a pre-season setup section. Same audience and problem, broader product format."
28,/guides/cafe-optimization.html,/guides/,301,retain 404,C: Historical seven-day service-time measurement and improvement method is absent from current cafe product page. Current disposition: retain 404; no 410 change requested.
29,/guides/qr-menu-best-practices.html,/guides/,301,301 -> /guides/qr-menu/,"B: Same owner task of preparing a usable public QR menu. Current tutorial covers appearance, product information, publication and customer-side testing; broader best-practice examples are not all retained."
30,/s/*,/index.html,200,Do not migrate wildcard rewrite,"The /s/* rule is a 200 rewrite, not an HTTP redirect; sampled /s/audit-check is 404. No historical per-path content establishes a canonical successor. Leave unknown paths 404; do not create homepage fallback."
