source_url,target_url,status,confidence,evidence,notes
https://pospal.gr/asyrmati-parageliolipsia-estiasi,https://pospal.gr/asyrmati-paraggeliolipsia.html,301,high,git 1615fbbf9366^:asyrmati-parageliolipsia-estiasi/index.html (archived before deletion); current destination verified in live-verification.json,A: Same wireless ordering solution and local-network topic; historical canonical was slashless. Slashless directory counterpart; matched explicitly to avoid a normalization hop. Static exact-path rule; drop query string to land on canonical URL directly.
https://pospal.gr/asyrmati-parageliolipsia-estiasi/,https://pospal.gr/asyrmati-paraggeliolipsia.html,301,high,git 1615fbbf9366^:asyrmati-parageliolipsia-estiasi/index.html (archived before deletion); current destination verified in live-verification.json,A: Same wireless ordering solution and local-network topic; historical canonical was slashless. Primary recorded route. Static exact-path rule; drop query string to land on canonical URL directly.
https://pospal.gr/asyrmati-parageliolipsia-estiasi/index.html,https://pospal.gr/asyrmati-paraggeliolipsia.html,301,high,git 1615fbbf9366^:asyrmati-parageliolipsia-estiasi/index.html (archived before deletion); current destination verified in live-verification.json,"A: Same wireless ordering solution and local-network topic; historical canonical was slashless. Explicit historical index.html file alias; matched explicitly, not by subpath wildcard. Static exact-path rule; drop query string to land on canonical URL directly."
https://pospal.gr/buy-license.html,https://pospal.gr/times.html,301,medium,git 1615fbbf9366^:buy-license.html (archived before deletion); current destination verified in live-verification.json,B: Purchase/subscription evaluation is retained in current pricing and activation guidance. Old standalone purchase flow is retired; pricing is closer than a bare download. Primary recorded route. Static exact-path rule; drop query string to land on canonical URL directly.
https://pospal.gr/dwrean-dokimi-30-imeron,https://pospal.gr/download/,301,high,git 1615fbbf9366^:dwrean-dokimi-30-imeron/index.html (archived before deletion); current destination verified in live-verification.json,A: Same 30-day POSPal trial entry; the current Windows download explicitly begins the trial. Slashless directory counterpart; matched explicitly to avoid a normalization hop. Static exact-path rule; drop query string to land on canonical URL directly.
https://pospal.gr/dwrean-dokimi-30-imeron/,https://pospal.gr/download/,301,high,git 1615fbbf9366^:dwrean-dokimi-30-imeron/index.html (archived before deletion); current destination verified in live-verification.json,A: Same 30-day POSPal trial entry; the current Windows download explicitly begins the trial. Primary recorded route. Static exact-path rule; drop query string to land on canonical URL directly.
https://pospal.gr/dwrean-dokimi-30-imeron/index.html,https://pospal.gr/download/,301,high,git 1615fbbf9366^:dwrean-dokimi-30-imeron/index.html (archived before deletion); current destination verified in live-verification.json,"A: Same 30-day POSPal trial entry; the current Windows download explicitly begins the trial. Explicit historical index.html file alias; matched explicitly, not by subpath wildcard. Static exact-path rule; drop query string to land on canonical URL directly."
https://pospal.gr/eula.html,https://pospal.gr/eula/,301,high,Current eula.html canonical and meta refresh; crawl-evidence.json; current destination verified in live-verification.json,A: Existing HTTP-200 legal bridge explicitly names this successor via canonical and immediate meta refresh. Target legal page remains noindex; this map does not change indexing policy. Primary recorded route. Static exact-path rule; drop query string to land on canonical URL directly.
https://pospal.gr/guides/?guide=account,https://pospal.gr/guides/account/,301,high,static/js/academy.js:81-132 explicit legacyMap and guide branches; audit rendered-evidence.json; current query and destination live-verification.json,"A: Query-aware edge rule, NOT Cloudflare Bulk Redirects. These paths serve or normalize to the same guide-hub script. Match recognized query value; valid lesson takes precedence over guide; remove query on redirect. Unrecognized values must not create a catch-all redirect."
https://pospal.gr/guides/?guide=app-tour,https://pospal.gr/guides/app-tour/,301,high,static/js/academy.js:81-132 explicit legacyMap and guide branches; audit rendered-evidence.json; current query and destination live-verification.json,"A: Query-aware edge rule, NOT Cloudflare Bulk Redirects. These paths serve or normalize to the same guide-hub script. Match recognized query value; valid lesson takes precedence over guide; remove query on redirect. Unrecognized values must not create a catch-all redirect."
https://pospal.gr/guides/?guide=printer-setup,https://pospal.gr/guides/printer-setup/,301,high,static/js/academy.js:81-132 explicit legacyMap and guide branches; audit rendered-evidence.json; current query and destination live-verification.json,"A: Query-aware edge rule, NOT Cloudflare Bulk Redirects. These paths serve or normalize to the same guide-hub script. Match recognized query value; valid lesson takes precedence over guide; remove query on redirect. Unrecognized values must not create a catch-all redirect."
https://pospal.gr/guides/?guide=qr-menu,https://pospal.gr/guides/qr-menu/,301,high,static/js/academy.js:81-132 explicit legacyMap and guide branches; audit rendered-evidence.json; current query and destination live-verification.json,"A: Query-aware edge rule, NOT Cloudflare Bulk Redirects. These paths serve or normalize to the same guide-hub script. Match recognized query value; valid lesson takes precedence over guide; remove query on redirect. Unrecognized values must not create a catch-all redirect."
https://pospal.gr/guides/?guide=settings,https://pospal.gr/guides/settings/,301,high,static/js/academy.js:81-132 explicit legacyMap and guide branches; audit rendered-evidence.json; current query and destination live-verification.json,"A: Query-aware edge rule, NOT Cloudflare Bulk Redirects. These paths serve or normalize to the same guide-hub script. Match recognized query value; valid lesson takes precedence over guide; remove query on redirect. Unrecognized values must not create a catch-all redirect."
https://pospal.gr/guides/?guide=troubleshooting,https://pospal.gr/guides/troubleshooting/,301,high,static/js/academy.js:81-132 explicit legacyMap and guide branches; audit rendered-evidence.json; current query and destination live-verification.json,"A: Query-aware edge rule, NOT Cloudflare Bulk Redirects. These paths serve or normalize to the same guide-hub script. Match recognized query value; valid lesson takes precedence over guide; remove query on redirect. Unrecognized values must not create a catch-all redirect."
https://pospal.gr/guides/?guide=windows-installation,https://pospal.gr/guides/windows-installation/,301,high,static/js/academy.js:81-132 explicit legacyMap and guide branches; audit rendered-evidence.json; current query and destination live-verification.json,"A: Query-aware edge rule, NOT Cloudflare Bulk Redirects. These paths serve or normalize to the same guide-hub script. Match recognized query value; valid lesson takes precedence over guide; remove query on redirect. Unrecognized values must not create a catch-all redirect."
https://pospal.gr/guides/?lesson=0,https://pospal.gr/guides/printer-setup/,301,high,static/js/academy.js:81-132 explicit legacyMap and guide branches; audit rendered-evidence.json; current query and destination live-verification.json,"A: Query-aware edge rule, NOT Cloudflare Bulk Redirects. These paths serve or normalize to the same guide-hub script. Match recognized query value; valid lesson takes precedence over guide; remove query on redirect. Unrecognized values must not create a catch-all redirect."
https://pospal.gr/guides/?lesson=1,https://pospal.gr/guides/windows-installation/,301,high,static/js/academy.js:81-132 explicit legacyMap and guide branches; audit rendered-evidence.json; current query and destination live-verification.json,"A: Query-aware edge rule, NOT Cloudflare Bulk Redirects. These paths serve or normalize to the same guide-hub script. Match recognized query value; valid lesson takes precedence over guide; remove query on redirect. Unrecognized values must not create a catch-all redirect."
https://pospal.gr/guides/?lesson=2,https://pospal.gr/guides/app-tour/,301,high,static/js/academy.js:81-132 explicit legacyMap and guide branches; audit rendered-evidence.json; current query and destination live-verification.json,"A: Query-aware edge rule, NOT Cloudflare Bulk Redirects. These paths serve or normalize to the same guide-hub script. Match recognized query value; valid lesson takes precedence over guide; remove query on redirect. Unrecognized values must not create a catch-all redirect."
https://pospal.gr/guides/?lesson=3,https://pospal.gr/guides/settings/,301,high,static/js/academy.js:81-132 explicit legacyMap and guide branches; audit rendered-evidence.json; current query and destination live-verification.json,"A: Query-aware edge rule, NOT Cloudflare Bulk Redirects. These paths serve or normalize to the same guide-hub script. Match recognized query value; valid lesson takes precedence over guide; remove query on redirect. Unrecognized values must not create a catch-all redirect."
https://pospal.gr/guides/?lesson=4,https://pospal.gr/guides/qr-menu/,301,high,static/js/academy.js:81-132 explicit legacyMap and guide branches; audit rendered-evidence.json; current query and destination live-verification.json,"A: Query-aware edge rule, NOT Cloudflare Bulk Redirects. These paths serve or normalize to the same guide-hub script. Match recognized query value; valid lesson takes precedence over guide; remove query on redirect. Unrecognized values must not create a catch-all redirect."
https://pospal.gr/guides/?lesson=5,https://pospal.gr/guides/account/,301,high,static/js/academy.js:81-132 explicit legacyMap and guide branches; audit rendered-evidence.json; current query and destination live-verification.json,"A: Query-aware edge rule, NOT Cloudflare Bulk Redirects. These paths serve or normalize to the same guide-hub script. Match recognized query value; valid lesson takes precedence over guide; remove query on redirect. Unrecognized values must not create a catch-all redirect."
https://pospal.gr/guides/?lesson=6,https://pospal.gr/guides/troubleshooting/,301,high,static/js/academy.js:81-132 explicit legacyMap and guide branches; audit rendered-evidence.json; current query and destination live-verification.json,"A: Query-aware edge rule, NOT Cloudflare Bulk Redirects. These paths serve or normalize to the same guide-hub script. Match recognized query value; valid lesson takes precedence over guide; remove query on redirect. Unrecognized values must not create a catch-all redirect."
https://pospal.gr/guides/beach-bar-setup.html,https://pospal.gr/paraggelio-lipsia-gia-beach-bar.html,301,medium,git 2267f5803c3e:guides/beach-bar-setup.html (last substantive version reviewed); current destination verified in live-verification.json,"B: Historical guide concerns pre-season setup, long service distances, clear notes and test orders. Current beach-bar page retains these operational topics and a pre-season setup section. Same audience and problem, broader product format. Primary recorded route. Static exact-path rule; drop query string to land on canonical URL directly."
https://pospal.gr/guides/connect-staff-devices,https://pospal.gr/guides/app-tour/,301,medium,git 1615fbbf9366^:guides/connect-staff-devices/index.html (archived before deletion); current destination verified in live-verification.json,"B: Current first-use guide explicitly walks through staff phone QR connection, matching the retired connection task. Broader page but contains the required task. Slashless directory counterpart; matched explicitly to avoid a normalization hop. Static exact-path rule; drop query string to land on canonical URL directly."
https://pospal.gr/guides/connect-staff-devices/,https://pospal.gr/guides/app-tour/,301,medium,git 1615fbbf9366^:guides/connect-staff-devices/index.html (archived before deletion); current destination verified in live-verification.json,"B: Current first-use guide explicitly walks through staff phone QR connection, matching the retired connection task. Broader page but contains the required task. Primary recorded route. Static exact-path rule; drop query string to land on canonical URL directly."
https://pospal.gr/guides/connect-staff-devices/index.html,https://pospal.gr/guides/app-tour/,301,medium,git 1615fbbf9366^:guides/connect-staff-devices/index.html (archived before deletion); current destination verified in live-verification.json,"B: Current first-use guide explicitly walks through staff phone QR connection, matching the retired connection task. Broader page but contains the required task. Explicit historical index.html file alias; matched explicitly, not by subpath wildcard. Static exact-path rule; drop query string to land on canonical URL directly."
https://pospal.gr/guides/index.html?guide=account,https://pospal.gr/guides/account/,301,high,static/js/academy.js:81-132 explicit legacyMap and guide branches; audit rendered-evidence.json; current query and destination live-verification.json,"A: Query-aware edge rule, NOT Cloudflare Bulk Redirects. These paths serve or normalize to the same guide-hub script. Match recognized query value; valid lesson takes precedence over guide; remove query on redirect. Unrecognized values must not create a catch-all redirect."
https://pospal.gr/guides/index.html?guide=app-tour,https://pospal.gr/guides/app-tour/,301,high,static/js/academy.js:81-132 explicit legacyMap and guide branches; audit rendered-evidence.json; current query and destination live-verification.json,"A: Query-aware edge rule, NOT Cloudflare Bulk Redirects. These paths serve or normalize to the same guide-hub script. Match recognized query value; valid lesson takes precedence over guide; remove query on redirect. Unrecognized values must not create a catch-all redirect."
https://pospal.gr/guides/index.html?guide=printer-setup,https://pospal.gr/guides/printer-setup/,301,high,static/js/academy.js:81-132 explicit legacyMap and guide branches; audit rendered-evidence.json; current query and destination live-verification.json,"A: Query-aware edge rule, NOT Cloudflare Bulk Redirects. These paths serve or normalize to the same guide-hub script. Match recognized query value; valid lesson takes precedence over guide; remove query on redirect. Unrecognized values must not create a catch-all redirect."
https://pospal.gr/guides/index.html?guide=qr-menu,https://pospal.gr/guides/qr-menu/,301,high,static/js/academy.js:81-132 explicit legacyMap and guide branches; audit rendered-evidence.json; current query and destination live-verification.json,"A: Query-aware edge rule, NOT Cloudflare Bulk Redirects. These paths serve or normalize to the same guide-hub script. Match recognized query value; valid lesson takes precedence over guide; remove query on redirect. Unrecognized values must not create a catch-all redirect."
https://pospal.gr/guides/index.html?guide=settings,https://pospal.gr/guides/settings/,301,high,static/js/academy.js:81-132 explicit legacyMap and guide branches; audit rendered-evidence.json; current query and destination live-verification.json,"A: Query-aware edge rule, NOT Cloudflare Bulk Redirects. These paths serve or normalize to the same guide-hub script. Match recognized query value; valid lesson takes precedence over guide; remove query on redirect. Unrecognized values must not create a catch-all redirect."
https://pospal.gr/guides/index.html?guide=troubleshooting,https://pospal.gr/guides/troubleshooting/,301,high,static/js/academy.js:81-132 explicit legacyMap and guide branches; audit rendered-evidence.json; current query and destination live-verification.json,"A: Query-aware edge rule, NOT Cloudflare Bulk Redirects. These paths serve or normalize to the same guide-hub script. Match recognized query value; valid lesson takes precedence over guide; remove query on redirect. Unrecognized values must not create a catch-all redirect."
https://pospal.gr/guides/index.html?guide=windows-installation,https://pospal.gr/guides/windows-installation/,301,high,static/js/academy.js:81-132 explicit legacyMap and guide branches; audit rendered-evidence.json; current query and destination live-verification.json,"A: Query-aware edge rule, NOT Cloudflare Bulk Redirects. These paths serve or normalize to the same guide-hub script. Match recognized query value; valid lesson takes precedence over guide; remove query on redirect. Unrecognized values must not create a catch-all redirect."
https://pospal.gr/guides/index.html?lesson=0,https://pospal.gr/guides/printer-setup/,301,high,static/js/academy.js:81-132 explicit legacyMap and guide branches; audit rendered-evidence.json; current query and destination live-verification.json,"A: Query-aware edge rule, NOT Cloudflare Bulk Redirects. These paths serve or normalize to the same guide-hub script. Match recognized query value; valid lesson takes precedence over guide; remove query on redirect. Unrecognized values must not create a catch-all redirect."
https://pospal.gr/guides/index.html?lesson=1,https://pospal.gr/guides/windows-installation/,301,high,static/js/academy.js:81-132 explicit legacyMap and guide branches; audit rendered-evidence.json; current query and destination live-verification.json,"A: Query-aware edge rule, NOT Cloudflare Bulk Redirects. These paths serve or normalize to the same guide-hub script. Match recognized query value; valid lesson takes precedence over guide; remove query on redirect. Unrecognized values must not create a catch-all redirect."
https://pospal.gr/guides/index.html?lesson=2,https://pospal.gr/guides/app-tour/,301,high,static/js/academy.js:81-132 explicit legacyMap and guide branches; audit rendered-evidence.json; current query and destination live-verification.json,"A: Query-aware edge rule, NOT Cloudflare Bulk Redirects. These paths serve or normalize to the same guide-hub script. Match recognized query value; valid lesson takes precedence over guide; remove query on redirect. Unrecognized values must not create a catch-all redirect."
https://pospal.gr/guides/index.html?lesson=3,https://pospal.gr/guides/settings/,301,high,static/js/academy.js:81-132 explicit legacyMap and guide branches; audit rendered-evidence.json; current query and destination live-verification.json,"A: Query-aware edge rule, NOT Cloudflare Bulk Redirects. These paths serve or normalize to the same guide-hub script. Match recognized query value; valid lesson takes precedence over guide; remove query on redirect. Unrecognized values must not create a catch-all redirect."
https://pospal.gr/guides/index.html?lesson=4,https://pospal.gr/guides/qr-menu/,301,high,static/js/academy.js:81-132 explicit legacyMap and guide branches; audit rendered-evidence.json; current query and destination live-verification.json,"A: Query-aware edge rule, NOT Cloudflare Bulk Redirects. These paths serve or normalize to the same guide-hub script. Match recognized query value; valid lesson takes precedence over guide; remove query on redirect. Unrecognized values must not create a catch-all redirect."
https://pospal.gr/guides/index.html?lesson=5,https://pospal.gr/guides/account/,301,high,static/js/academy.js:81-132 explicit legacyMap and guide branches; audit rendered-evidence.json; current query and destination live-verification.json,"A: Query-aware edge rule, NOT Cloudflare Bulk Redirects. These paths serve or normalize to the same guide-hub script. Match recognized query value; valid lesson takes precedence over guide; remove query on redirect. Unrecognized values must not create a catch-all redirect."
https://pospal.gr/guides/index.html?lesson=6,https://pospal.gr/guides/troubleshooting/,301,high,static/js/academy.js:81-132 explicit legacyMap and guide branches; audit rendered-evidence.json; current query and destination live-verification.json,"A: Query-aware edge rule, NOT Cloudflare Bulk Redirects. These paths serve or normalize to the same guide-hub script. Match recognized query value; valid lesson takes precedence over guide; remove query on redirect. Unrecognized values must not create a catch-all redirect."
https://pospal.gr/guides/index_backup.html,https://pospal.gr/guides/,301,high,git 7cfe6b73f6fa^:guides/index_backup.html (archived before deletion); current destination verified in live-verification.json,A: Archived guide-hub backup explicitly canonicalized to /guides/. Collapse alias directly to maintained hub. Primary recorded route. Static exact-path rule; drop query string to land on canonical URL directly.
https://pospal.gr/guides/logariasmos-kai-pliromes,https://pospal.gr/guides/account/,301,high,git 0c90e3197077:guides/logariasmos-kai-pliromes/index.html (last substantive version reviewed); current destination verified in live-verification.json,"A: Substantive historical guide covers trial-to-subscription, account and billing; current account guide covers licence, subscription, payment portal and billing. Bypass later generic-hub shell. Slashless directory counterpart; matched explicitly to avoid a normalization hop. Static exact-path rule; drop query string to land on canonical URL directly."
https://pospal.gr/guides/logariasmos-kai-pliromes/,https://pospal.gr/guides/account/,301,high,git 0c90e3197077:guides/logariasmos-kai-pliromes/index.html (last substantive version reviewed); current destination verified in live-verification.json,"A: Substantive historical guide covers trial-to-subscription, account and billing; current account guide covers licence, subscription, payment portal and billing. Bypass later generic-hub shell. Primary recorded route. Static exact-path rule; drop query string to land on canonical URL directly."
https://pospal.gr/guides/logariasmos-kai-pliromes/index.html,https://pospal.gr/guides/account/,301,high,git 0c90e3197077:guides/logariasmos-kai-pliromes/index.html (last substantive version reviewed); current destination verified in live-verification.json,"A: Substantive historical guide covers trial-to-subscription, account and billing; current account guide covers licence, subscription, payment portal and billing. Bypass later generic-hub shell. Explicit historical index.html file alias; matched explicitly, not by subpath wildcard. Static exact-path rule; drop query string to land on canonical URL directly."
https://pospal.gr/guides/proto-menou-kai-qr,https://pospal.gr/guides/qr-menu/,301,medium,git 0c90e3197077:guides/proto-menou-kai-qr/index.html (last substantive version reviewed); current destination verified in live-verification.json,"B: Historical task culminated in publishing menu and downloading/testing QR. Current QR guide supplies these steps, with catalogue-entry prerequisites; not an exact copy of the starter checklist. Slashless directory counterpart; matched explicitly to avoid a normalization hop. Static exact-path rule; drop query string to land on canonical URL directly."
https://pospal.gr/guides/proto-menou-kai-qr/,https://pospal.gr/guides/qr-menu/,301,medium,git 0c90e3197077:guides/proto-menou-kai-qr/index.html (last substantive version reviewed); current destination verified in live-verification.json,"B: Historical task culminated in publishing menu and downloading/testing QR. Current QR guide supplies these steps, with catalogue-entry prerequisites; not an exact copy of the starter checklist. Primary recorded route. Static exact-path rule; drop query string to land on canonical URL directly."
https://pospal.gr/guides/proto-menou-kai-qr/index.html,https://pospal.gr/guides/qr-menu/,301,medium,git 0c90e3197077:guides/proto-menou-kai-qr/index.html (last substantive version reviewed); current destination verified in live-verification.json,"B: Historical task culminated in publishing menu and downloading/testing QR. Current QR guide supplies these steps, with catalogue-entry prerequisites; not an exact copy of the starter checklist. Explicit historical index.html file alias; matched explicitly, not by subpath wildcard. Static exact-path rule; drop query string to land on canonical URL directly."
https://pospal.gr/guides/qr-menu-best-practices.html,https://pospal.gr/guides/qr-menu/,301,medium,git 2267f5803c3e:guides/qr-menu-best-practices.html (last substantive version reviewed); current destination verified in live-verification.json,"B: Same owner task of preparing a usable public QR menu. Current tutorial covers appearance, product information, publication and customer-side testing; broader best-practice examples are not all retained. Primary recorded route. Static exact-path rule; drop query string to land on canonical URL directly."
https://pospal.gr/guides/stisimo-ektypoti,https://pospal.gr/guides/printer-setup/,301,high,git 7f2de2c7c788:guides/stisimo-ektypoti/index.html (last substantive version reviewed); current destination verified in live-verification.json,A: Deep history identifies Guide 0: printer preparation in Windows and test print. Current printer guide covers that same task; replaces the earlier audit HOLD. Slashless directory counterpart; matched explicitly to avoid a normalization hop. Static exact-path rule; drop query string to land on canonical URL directly.
https://pospal.gr/guides/stisimo-ektypoti/,https://pospal.gr/guides/printer-setup/,301,high,git 7f2de2c7c788:guides/stisimo-ektypoti/index.html (last substantive version reviewed); current destination verified in live-verification.json,A: Deep history identifies Guide 0: printer preparation in Windows and test print. Current printer guide covers that same task; replaces the earlier audit HOLD. Primary recorded route. Static exact-path rule; drop query string to land on canonical URL directly.
https://pospal.gr/guides/stisimo-ektypoti/index.html,https://pospal.gr/guides/printer-setup/,301,high,git 7f2de2c7c788:guides/stisimo-ektypoti/index.html (last substantive version reviewed); current destination verified in live-verification.json,"A: Deep history identifies Guide 0: printer preparation in Windows and test print. Current printer guide covers that same task; replaces the earlier audit HOLD. Explicit historical index.html file alias; matched explicitly, not by subpath wildcard. Static exact-path rule; drop query string to land on canonical URL directly."
https://pospal.gr/guides/test-order,https://pospal.gr/guides/app-tour/,301,medium,git 1615fbbf9366^:guides/test-order/index.html (archived before deletion); current destination verified in live-verification.json,B: Current first-use guide explicitly includes sending the first order and checking its flow; preserves the old primary task. Slashless directory counterpart; matched explicitly to avoid a normalization hop. Static exact-path rule; drop query string to land on canonical URL directly.
https://pospal.gr/guides/test-order/,https://pospal.gr/guides/app-tour/,301,medium,git 1615fbbf9366^:guides/test-order/index.html (archived before deletion); current destination verified in live-verification.json,B: Current first-use guide explicitly includes sending the first order and checking its flow; preserves the old primary task. Primary recorded route. Static exact-path rule; drop query string to land on canonical URL directly.
https://pospal.gr/guides/test-order/index.html,https://pospal.gr/guides/app-tour/,301,medium,git 1615fbbf9366^:guides/test-order/index.html (archived before deletion); current destination verified in live-verification.json,"B: Current first-use guide explicitly includes sending the first order and checking its flow; preserves the old primary task. Explicit historical index.html file alias; matched explicitly, not by subpath wildcard. Static exact-path rule; drop query string to land on canonical URL directly."
https://pospal.gr/guides?guide=account,https://pospal.gr/guides/account/,301,high,static/js/academy.js:81-132 explicit legacyMap and guide branches; audit rendered-evidence.json; current query and destination live-verification.json,"A: Query-aware edge rule, NOT Cloudflare Bulk Redirects. These paths serve or normalize to the same guide-hub script. Match recognized query value; valid lesson takes precedence over guide; remove query on redirect. Unrecognized values must not create a catch-all redirect."
https://pospal.gr/guides?guide=app-tour,https://pospal.gr/guides/app-tour/,301,high,static/js/academy.js:81-132 explicit legacyMap and guide branches; audit rendered-evidence.json; current query and destination live-verification.json,"A: Query-aware edge rule, NOT Cloudflare Bulk Redirects. These paths serve or normalize to the same guide-hub script. Match recognized query value; valid lesson takes precedence over guide; remove query on redirect. Unrecognized values must not create a catch-all redirect."
https://pospal.gr/guides?guide=printer-setup,https://pospal.gr/guides/printer-setup/,301,high,static/js/academy.js:81-132 explicit legacyMap and guide branches; audit rendered-evidence.json; current query and destination live-verification.json,"A: Query-aware edge rule, NOT Cloudflare Bulk Redirects. These paths serve or normalize to the same guide-hub script. Match recognized query value; valid lesson takes precedence over guide; remove query on redirect. Unrecognized values must not create a catch-all redirect."
https://pospal.gr/guides?guide=qr-menu,https://pospal.gr/guides/qr-menu/,301,high,static/js/academy.js:81-132 explicit legacyMap and guide branches; audit rendered-evidence.json; current query and destination live-verification.json,"A: Query-aware edge rule, NOT Cloudflare Bulk Redirects. These paths serve or normalize to the same guide-hub script. Match recognized query value; valid lesson takes precedence over guide; remove query on redirect. Unrecognized values must not create a catch-all redirect."
https://pospal.gr/guides?guide=settings,https://pospal.gr/guides/settings/,301,high,static/js/academy.js:81-132 explicit legacyMap and guide branches; audit rendered-evidence.json; current query and destination live-verification.json,"A: Query-aware edge rule, NOT Cloudflare Bulk Redirects. These paths serve or normalize to the same guide-hub script. Match recognized query value; valid lesson takes precedence over guide; remove query on redirect. Unrecognized values must not create a catch-all redirect."
https://pospal.gr/guides?guide=troubleshooting,https://pospal.gr/guides/troubleshooting/,301,high,static/js/academy.js:81-132 explicit legacyMap and guide branches; audit rendered-evidence.json; current query and destination live-verification.json,"A: Query-aware edge rule, NOT Cloudflare Bulk Redirects. These paths serve or normalize to the same guide-hub script. Match recognized query value; valid lesson takes precedence over guide; remove query on redirect. Unrecognized values must not create a catch-all redirect."
https://pospal.gr/guides?guide=windows-installation,https://pospal.gr/guides/windows-installation/,301,high,static/js/academy.js:81-132 explicit legacyMap and guide branches; audit rendered-evidence.json; current query and destination live-verification.json,"A: Query-aware edge rule, NOT Cloudflare Bulk Redirects. These paths serve or normalize to the same guide-hub script. Match recognized query value; valid lesson takes precedence over guide; remove query on redirect. Unrecognized values must not create a catch-all redirect."
https://pospal.gr/guides?lesson=0,https://pospal.gr/guides/printer-setup/,301,high,static/js/academy.js:81-132 explicit legacyMap and guide branches; audit rendered-evidence.json; current query and destination live-verification.json,"A: Query-aware edge rule, NOT Cloudflare Bulk Redirects. These paths serve or normalize to the same guide-hub script. Match recognized query value; valid lesson takes precedence over guide; remove query on redirect. Unrecognized values must not create a catch-all redirect."
https://pospal.gr/guides?lesson=1,https://pospal.gr/guides/windows-installation/,301,high,static/js/academy.js:81-132 explicit legacyMap and guide branches; audit rendered-evidence.json; current query and destination live-verification.json,"A: Query-aware edge rule, NOT Cloudflare Bulk Redirects. These paths serve or normalize to the same guide-hub script. Match recognized query value; valid lesson takes precedence over guide; remove query on redirect. Unrecognized values must not create a catch-all redirect."
https://pospal.gr/guides?lesson=2,https://pospal.gr/guides/app-tour/,301,high,static/js/academy.js:81-132 explicit legacyMap and guide branches; audit rendered-evidence.json; current query and destination live-verification.json,"A: Query-aware edge rule, NOT Cloudflare Bulk Redirects. These paths serve or normalize to the same guide-hub script. Match recognized query value; valid lesson takes precedence over guide; remove query on redirect. Unrecognized values must not create a catch-all redirect."
https://pospal.gr/guides?lesson=3,https://pospal.gr/guides/settings/,301,high,static/js/academy.js:81-132 explicit legacyMap and guide branches; audit rendered-evidence.json; current query and destination live-verification.json,"A: Query-aware edge rule, NOT Cloudflare Bulk Redirects. These paths serve or normalize to the same guide-hub script. Match recognized query value; valid lesson takes precedence over guide; remove query on redirect. Unrecognized values must not create a catch-all redirect."
https://pospal.gr/guides?lesson=4,https://pospal.gr/guides/qr-menu/,301,high,static/js/academy.js:81-132 explicit legacyMap and guide branches; audit rendered-evidence.json; current query and destination live-verification.json,"A: Query-aware edge rule, NOT Cloudflare Bulk Redirects. These paths serve or normalize to the same guide-hub script. Match recognized query value; valid lesson takes precedence over guide; remove query on redirect. Unrecognized values must not create a catch-all redirect."
https://pospal.gr/guides?lesson=5,https://pospal.gr/guides/account/,301,high,static/js/academy.js:81-132 explicit legacyMap and guide branches; audit rendered-evidence.json; current query and destination live-verification.json,"A: Query-aware edge rule, NOT Cloudflare Bulk Redirects. These paths serve or normalize to the same guide-hub script. Match recognized query value; valid lesson takes precedence over guide; remove query on redirect. Unrecognized values must not create a catch-all redirect."
https://pospal.gr/guides?lesson=6,https://pospal.gr/guides/troubleshooting/,301,high,static/js/academy.js:81-132 explicit legacyMap and guide branches; audit rendered-evidence.json; current query and destination live-verification.json,"A: Query-aware edge rule, NOT Cloudflare Bulk Redirects. These paths serve or normalize to the same guide-hub script. Match recognized query value; valid lesson takes precedence over guide; remove query on redirect. Unrecognized values must not create a catch-all redirect."
https://pospal.gr/installation-guide.html,https://pospal.gr/guides/windows-installation/,301,high,git 1615fbbf9366^:installation-guide.html (archived before deletion); current destination verified in live-verification.json,A: Archived canonical and refresh already name this exact installation successor; bypass the guide hub. Primary recorded route. Static exact-path rule; drop query string to land on canonical URL directly.
https://pospal.gr/legal/eula.html,https://pospal.gr/eula/,301,high,Current legal/eula.html canonical and meta refresh; crawl-evidence.json; current destination verified in live-verification.json,A: Existing HTTP-200 legal bridge explicitly names this successor via canonical and immediate meta refresh. Target legal page remains noindex; this map does not change indexing policy. Primary recorded route. Static exact-path rule; drop query string to land on canonical URL directly.
https://pospal.gr/legal/privacy.html,https://pospal.gr/privacy/,301,high,Current legal/privacy.html canonical and meta refresh; crawl-evidence.json; current destination verified in live-verification.json,A: Existing HTTP-200 legal bridge explicitly names this successor via canonical and immediate meta refresh. Target legal page remains noindex; this map does not change indexing policy. Primary recorded route. Static exact-path rule; drop query string to land on canonical URL directly.
https://pospal.gr/paraggelies-gia-estiash.html,https://pospal.gr/systima-paraggeliolipsias.html,301,medium,git 1615fbbf9366^:paraggelies-gia-estiash.html (archived before deletion); current destination verified in live-verification.json,"B: Old hospitality order-workflow explanation is consolidated in current system page: capture, local flow and kitchen delivery. Closer than configured homepage. Primary recorded route. Static exact-path rule; drop query string to land on canonical URL directly."
https://pospal.gr/pda-gia-kafeteria,https://pospal.gr/pda-gia-kafeteries.html,301,high,git 1615fbbf9366^:pda-gia-kafeteria/index.html (archived before deletion); current destination verified in live-verification.json,A: Same cafe PDA/order-taking solution and audience; historical canonical was slashless. Slashless directory counterpart; matched explicitly to avoid a normalization hop. Static exact-path rule; drop query string to land on canonical URL directly.
https://pospal.gr/pda-gia-kafeteria/,https://pospal.gr/pda-gia-kafeteries.html,301,high,git 1615fbbf9366^:pda-gia-kafeteria/index.html (archived before deletion); current destination verified in live-verification.json,A: Same cafe PDA/order-taking solution and audience; historical canonical was slashless. Primary recorded route. Static exact-path rule; drop query string to land on canonical URL directly.
https://pospal.gr/pda-gia-kafeteria/index.html,https://pospal.gr/pda-gia-kafeteries.html,301,high,git 1615fbbf9366^:pda-gia-kafeteria/index.html (archived before deletion); current destination verified in live-verification.json,"A: Same cafe PDA/order-taking solution and audience; historical canonical was slashless. Explicit historical index.html file alias; matched explicitly, not by subpath wildcard. Static exact-path rule; drop query string to land on canonical URL directly."
https://pospal.gr/privacy.html,https://pospal.gr/privacy/,301,high,Current privacy.html canonical and meta refresh; crawl-evidence.json; current destination verified in live-verification.json,A: Existing HTTP-200 legal bridge explicitly names this successor via canonical and immediate meta refresh. Target legal page remains noindex; this map does not change indexing policy. Primary recorded route. Static exact-path rule; drop query string to land on canonical URL directly.
https://pospal.gr/prototype/homepage-v3,https://pospal.gr/,301,high,git f5314928dca4:prototype/homepage-v3/index.html (last substantive version reviewed); current destination verified in live-verification.json,"A: June 26 promotion: prototype deleted and production index.html replaced with the same homepage direction. Root is its specific published successor; this is the sole homepage-target family, not an unrelated catch-all. Slashless directory counterpart; matched explicitly to avoid a normalization hop. Static exact-path rule; drop query string to land on canonical URL directly."
https://pospal.gr/prototype/homepage-v3/,https://pospal.gr/,301,high,git f5314928dca4:prototype/homepage-v3/index.html (last substantive version reviewed); current destination verified in live-verification.json,"A: June 26 promotion: prototype deleted and production index.html replaced with the same homepage direction. Root is its specific published successor; this is the sole homepage-target family, not an unrelated catch-all. Primary recorded route. Static exact-path rule; drop query string to land on canonical URL directly."
https://pospal.gr/prototype/homepage-v3/index.html,https://pospal.gr/,301,high,git f5314928dca4:prototype/homepage-v3/index.html (last substantive version reviewed); current destination verified in live-verification.json,"A: June 26 promotion: prototype deleted and production index.html replaced with the same homepage direction. Root is its specific published successor; this is the sole homepage-target family, not an unrelated catch-all. Explicit historical index.html file alias; matched explicitly, not by subpath wildcard. Static exact-path rule; drop query string to land on canonical URL directly."
https://pospal.gr/qr-menu-estiasis,https://pospal.gr/guides/qr-menu/,301,medium,git 709d7ca4586f:qr-menu-estiasis/index.html (last substantive version reviewed); current destination verified in live-verification.json,"B: Historical content promotes POSPal shared-catalogue QR menu and explains setup/publication. Current POSPal QR tutorial is a useful same-product successor, not an unrelated home page. It is a tutorial rather than a sales landing. Slashless directory counterpart; matched explicitly to avoid a normalization hop. Static exact-path rule; drop query string to land on canonical URL directly."
https://pospal.gr/qr-menu-estiasis/,https://pospal.gr/guides/qr-menu/,301,medium,git 709d7ca4586f:qr-menu-estiasis/index.html (last substantive version reviewed); current destination verified in live-verification.json,"B: Historical content promotes POSPal shared-catalogue QR menu and explains setup/publication. Current POSPal QR tutorial is a useful same-product successor, not an unrelated home page. It is a tutorial rather than a sales landing. Primary recorded route. Static exact-path rule; drop query string to land on canonical URL directly."
https://pospal.gr/qr-menu-estiasis/index.html,https://pospal.gr/guides/qr-menu/,301,medium,git 709d7ca4586f:qr-menu-estiasis/index.html (last substantive version reviewed); current destination verified in live-verification.json,"B: Historical content promotes POSPal shared-catalogue QR menu and explains setup/publication. Current POSPal QR tutorial is a useful same-product successor, not an unrelated home page. It is a tutorial rather than a sales landing. Explicit historical index.html file alias; matched explicitly, not by subpath wildcard. Static exact-path rule; drop query string to land on canonical URL directly."
https://pospal.gr/qr-menu-gia-estiash.html,https://pospal.gr/guides/qr-menu/,301,medium,git 6a8b68d71d72:qr-menu-gia-estiash.html (last substantive version reviewed); current destination verified in live-verification.json,"B: Archived POSPal QR landing explains catalogue updates, presentation and setup; maintained QR tutorial directly covers preparing/publishing that feature. Historical text has encoding corruption; topic is corroborated by headings/links and adjacent QR page. Primary recorded route. Static exact-path rule; drop query string to land on canonical URL directly."
https://pospal.gr/support.html,https://pospal.gr/guides/,301,medium,git 709d7ca4586f:support.html (last substantive version reviewed); current destination verified in live-verification.json,"B: Old support/contact page is reasonably succeeded by the maintained installation/support guide hub, including troubleshooting navigation. This preserves obtaining support, but the old direct email-contact presentation is not retained on the hub; B-level rather than exact equivalence. The maintained hub is identified as the support destination in repository context. Primary recorded route. Static exact-path rule; drop query string to land on canonical URL directly."
https://pospal.gr/times-systimatos-parageliolipsias,https://pospal.gr/times.html,301,high,git 1615fbbf9366^:times-systimatos-parageliolipsias/index.html (archived before deletion); current destination verified in live-verification.json,A: Same subscription pricing and inclusions; historical canonical was slashless; corrects migration failure. Slashless directory counterpart; matched explicitly to avoid a normalization hop. Static exact-path rule; drop query string to land on canonical URL directly.
https://pospal.gr/times-systimatos-parageliolipsias/,https://pospal.gr/times.html,301,high,git 1615fbbf9366^:times-systimatos-parageliolipsias/index.html (archived before deletion); current destination verified in live-verification.json,A: Same subscription pricing and inclusions; historical canonical was slashless; corrects migration failure. Primary recorded route. Static exact-path rule; drop query string to land on canonical URL directly.
https://pospal.gr/times-systimatos-parageliolipsias/index.html,https://pospal.gr/times.html,301,high,git 1615fbbf9366^:times-systimatos-parageliolipsias/index.html (archived before deletion); current destination verified in live-verification.json,"A: Same subscription pricing and inclusions; historical canonical was slashless; corrects migration failure. Explicit historical index.html file alias; matched explicitly, not by subpath wildcard. Static exact-path rule; drop query string to land on canonical URL directly."
