source_url,reason,no_equivalent_found
https://pospal.gr/POSPalDesktop.html,"C: Historical interactive browser demo or alias to one. No current canonical interactive demo exists. Windows installation is a different experience, especially for mobile visitors; do not treat a download CTA as equivalent content. Current disposition: retain 404; no 410 change requested.",true
https://pospal.gr/POSPal_Demo.html,"C: Historical interactive browser demo or alias to one. No current canonical interactive demo exists. Windows installation is a different experience, especially for mobile visitors; do not treat a download CTA as equivalent content. Current disposition: retain 404; no 410 change requested.",true
https://pospal.gr/POSPal_Demo_Desktop.html,"C: Historical interactive browser demo or alias to one. No current canonical interactive demo exists. Windows installation is a different experience, especially for mobile visitors; do not treat a download CTA as equivalent content. Current disposition: retain 404; no 410 change requested.",true
https://pospal.gr/POSPal_Demo_Index.html,"C: Historical interactive browser demo or alias to one. No current canonical interactive demo exists. Windows installation is a different experience, especially for mobile visitors; do not treat a download CTA as equivalent content. Current disposition: retain 404; no 410 change requested.",true
https://pospal.gr/drafts/home-v2.html,"C: Retired internal draft/prototype, not a supported public product resource. No demonstrated publication successor for this specific experiment; not redirected simply because it resembles the homepage. Current disposition: retain 404; no 410 change requested.",true
https://pospal.gr/drafts/pospal-demo-coffee-desktop.html,"C: Retired internal draft/prototype, not a supported public product resource. No demonstrated publication successor for this specific experiment; not redirected simply because it resembles the homepage. Current disposition: retain 404; no 410 change requested.",true
https://pospal.gr/drafts/pospal-demo-coffee-mobile.html,"C: Retired internal draft/prototype, not a supported public product resource. No demonstrated publication successor for this specific experiment; not redirected simply because it resembles the homepage. Current disposition: retain 404; no 410 change requested.",true
https://pospal.gr/drafts/pospal-demo-desktop.html,"C: Retired internal draft/prototype, not a supported public product resource. No demonstrated publication successor for this specific experiment; not redirected simply because it resembles the homepage. Current disposition: retain 404; no 410 change requested.",true
https://pospal.gr/drafts/pospal-demo-mobile.html,"C: Retired internal draft/prototype, not a supported public product resource. No demonstrated publication successor for this specific experiment; not redirected simply because it resembles the homepage. Current disposition: retain 404; no 410 change requested.",true
https://pospal.gr/drafts/qr-menu-demo.html,"C: Retired internal draft/prototype, not a supported public product resource. No demonstrated publication successor for this specific experiment; not redirected simply because it resembles the homepage. Current disposition: retain 404; no 410 change requested.",true
https://pospal.gr/guides/cafe-optimization.html,C: Historical seven-day service-time measurement and improvement method is absent from current cafe product page. Current disposition: retain 404; no 410 change requested.,true
https://pospal.gr/guides/first-week-optimization,C: Day 1-7 optimisation checklist and measurement sequence are absent from current first-use tutorial. Current disposition: retain 404; no 410 change requested.,true
https://pospal.gr/guides/first-week-optimization/,C: Day 1-7 optimisation checklist and measurement sequence are absent from current first-use tutorial. Current disposition: retain 404; no 410 change requested.,true
https://pospal.gr/guides/first-week-optimization/index.html,C: Day 1-7 optimisation checklist and measurement sequence are absent from current first-use tutorial. Current disposition: retain 404; no 410 change requested.,true
https://pospal.gr/guides/food-truck-mobile,C: Food-truck shift workflow and small-team fallback routines are not retained by a dedicated current page. Current disposition: retain 404; no 410 change requested.,true
https://pospal.gr/guides/food-truck-mobile/,C: Food-truck shift workflow and small-team fallback routines are not retained by a dedicated current page. Current disposition: retain 404; no 410 change requested.,true
https://pospal.gr/guides/food-truck-mobile/index.html,C: Food-truck shift workflow and small-team fallback routines are not retained by a dedicated current page. Current disposition: retain 404; no 410 change requested.,true
https://pospal.gr/guides/seasonal-management,"C: Multi-venue seasonal opening, staff organisation and first-week plan are not fully retained by beach-bar sales content. Current disposition: retain 404; no 410 change requested.",true
https://pospal.gr/guides/seasonal-management/,"C: Multi-venue seasonal opening, staff organisation and first-week plan are not fully retained by beach-bar sales content. Current disposition: retain 404; no 410 change requested.",true
https://pospal.gr/guides/seasonal-management/index.html,"C: Multi-venue seasonal opening, staff organisation and first-week plan are not fully retained by beach-bar sales content. Current disposition: retain 404; no 410 change requested.",true
https://pospal.gr/managementComponent.html,"C: Historical interactive browser demo or alias to one. No current canonical interactive demo exists. Windows installation is a different experience, especially for mobile visitors; do not treat a download CTA as equivalent content. Current disposition: retain 404; no 410 change requested.",true
https://pospal.gr/menu-estiatoriou.html,"C: Historical menu structure and price-list organisation page. Current app-tour covers editing and QR guide covers publication, but neither retains the full menu/price-list planning intent. Current disposition: retain 404; no 410 change requested.",true
https://pospal.gr/pospal-demo-coffee-desktop.html,"C: Historical interactive browser demo or alias to one. No current canonical interactive demo exists. Windows installation is a different experience, especially for mobile visitors; do not treat a download CTA as equivalent content. Current disposition: retain 404; no 410 change requested.",true
https://pospal.gr/pospal-demo-coffee-mobile.html,"C: Historical interactive browser demo or alias to one. No current canonical interactive demo exists. Windows installation is a different experience, especially for mobile visitors; do not treat a download CTA as equivalent content. Current disposition: retain 404; no 410 change requested.",true
https://pospal.gr/pospal-demo-desktop.html,"C: Historical interactive browser demo or alias to one. No current canonical interactive demo exists. Windows installation is a different experience, especially for mobile visitors; do not treat a download CTA as equivalent content. Current disposition: retain 404; no 410 change requested.",true
https://pospal.gr/pospal-demo-mobile.html,"C: Historical interactive browser demo or alias to one. No current canonical interactive demo exists. Windows installation is a different experience, especially for mobile visitors; do not treat a download CTA as equivalent content. Current disposition: retain 404; no 410 change requested.",true
https://pospal.gr/prototype/academy-odoo-lab,"C: Retired internal draft/prototype, not a supported public product resource. No demonstrated publication successor for this specific experiment; not redirected simply because it resembles the homepage. Current disposition: retain 404; no 410 change requested.",true
https://pospal.gr/prototype/academy-odoo-lab/,"C: Retired internal draft/prototype, not a supported public product resource. No demonstrated publication successor for this specific experiment; not redirected simply because it resembles the homepage. Current disposition: retain 404; no 410 change requested.",true
https://pospal.gr/prototype/academy-odoo-lab/index.html,"C: Retired internal draft/prototype, not a supported public product resource. No demonstrated publication successor for this specific experiment; not redirected simply because it resembles the homepage. Current disposition: retain 404; no 410 change requested.",true
https://pospal.gr/prototype/academy-v1,"C: Retired internal draft/prototype, not a supported public product resource. No demonstrated publication successor for this specific experiment; not redirected simply because it resembles the homepage. Current disposition: retain 404; no 410 change requested.",true
https://pospal.gr/prototype/academy-v1/,"C: Retired internal draft/prototype, not a supported public product resource. No demonstrated publication successor for this specific experiment; not redirected simply because it resembles the homepage. Current disposition: retain 404; no 410 change requested.",true
https://pospal.gr/prototype/academy-v1/index.html,"C: Retired internal draft/prototype, not a supported public product resource. No demonstrated publication successor for this specific experiment; not redirected simply because it resembles the homepage. Current disposition: retain 404; no 410 change requested.",true
https://pospal.gr/prototype/academy-v1/printer-setup,"C: Retired internal draft/prototype, not a supported public product resource. No demonstrated publication successor for this specific experiment; not redirected simply because it resembles the homepage. Current disposition: retain 404; no 410 change requested.",true
https://pospal.gr/prototype/academy-v1/printer-setup/,"C: Retired internal draft/prototype, not a supported public product resource. No demonstrated publication successor for this specific experiment; not redirected simply because it resembles the homepage. Current disposition: retain 404; no 410 change requested.",true
https://pospal.gr/prototype/academy-v1/printer-setup/index.html,"C: Retired internal draft/prototype, not a supported public product resource. No demonstrated publication successor for this specific experiment; not redirected simply because it resembles the homepage. Current disposition: retain 404; no 410 change requested.",true
https://pospal.gr/prototype/academy-v1/windows-installation,"C: Retired internal draft/prototype, not a supported public product resource. No demonstrated publication successor for this specific experiment; not redirected simply because it resembles the homepage. Current disposition: retain 404; no 410 change requested.",true
https://pospal.gr/prototype/academy-v1/windows-installation/,"C: Retired internal draft/prototype, not a supported public product resource. No demonstrated publication successor for this specific experiment; not redirected simply because it resembles the homepage. Current disposition: retain 404; no 410 change requested.",true
https://pospal.gr/prototype/academy-v1/windows-installation/index.html,"C: Retired internal draft/prototype, not a supported public product resource. No demonstrated publication successor for this specific experiment; not redirected simply because it resembles the homepage. Current disposition: retain 404; no 410 change requested.",true
https://pospal.gr/prototype/homepage,"C: Retired internal draft/prototype, not a supported public product resource. No demonstrated publication successor for this specific experiment; not redirected simply because it resembles the homepage. Current disposition: retain 404; no 410 change requested.",true
https://pospal.gr/prototype/homepage-hero-lab,"C: Retired internal draft/prototype, not a supported public product resource. No demonstrated publication successor for this specific experiment; not redirected simply because it resembles the homepage. Current disposition: retain 404; no 410 change requested.",true
https://pospal.gr/prototype/homepage-hero-lab/,"C: Retired internal draft/prototype, not a supported public product resource. No demonstrated publication successor for this specific experiment; not redirected simply because it resembles the homepage. Current disposition: retain 404; no 410 change requested.",true
https://pospal.gr/prototype/homepage-hero-lab/index.html,"C: Retired internal draft/prototype, not a supported public product resource. No demonstrated publication successor for this specific experiment; not redirected simply because it resembles the homepage. Current disposition: retain 404; no 410 change requested.",true
https://pospal.gr/prototype/homepage-v2,"C: Retired internal draft/prototype, not a supported public product resource. No demonstrated publication successor for this specific experiment; not redirected simply because it resembles the homepage. Current disposition: retain 404; no 410 change requested.",true
https://pospal.gr/prototype/homepage-v2/,"C: Retired internal draft/prototype, not a supported public product resource. No demonstrated publication successor for this specific experiment; not redirected simply because it resembles the homepage. Current disposition: retain 404; no 410 change requested.",true
https://pospal.gr/prototype/homepage-v2/index.html,"C: Retired internal draft/prototype, not a supported public product resource. No demonstrated publication successor for this specific experiment; not redirected simply because it resembles the homepage. Current disposition: retain 404; no 410 change requested.",true
https://pospal.gr/prototype/homepage/,"C: Retired internal draft/prototype, not a supported public product resource. No demonstrated publication successor for this specific experiment; not redirected simply because it resembles the homepage. Current disposition: retain 404; no 410 change requested.",true
https://pospal.gr/prototype/homepage/index.html,"C: Retired internal draft/prototype, not a supported public product resource. No demonstrated publication successor for this specific experiment; not redirected simply because it resembles the homepage. Current disposition: retain 404; no 410 change requested.",true
https://pospal.gr/qr-menu-demo.html,C: Historical customer-facing interactive menu sample. Neither the homepage nor an owner setup tutorial reproduces the sample. Current disposition: retain 404; no 410 change requested.,true
