URL,source_file,category,live_status,local_canonical,live_canonical,local_robots,live_robots,live_sitemap,local_sitemap
https://pospal.gr/times.html,times.html,marketing/support,200,https://pospal.gr/times.html,https://pospal.gr/times.html,,,yes,yes
https://pospal.gr/terms/,terms/index.html,legal/legacy legal,200,https://pospal.gr/terms/,https://pospal.gr/terms/,"noindex,nofollow","noindex,nofollow",no,no
https://pospal.gr/systima-paraggeliolipsias.html,systima-paraggeliolipsias.html,marketing/support,200,https://pospal.gr/systima-paraggeliolipsias.html,https://pospal.gr/systima-paraggeliolipsias.html,,,yes,yes
https://pospal.gr/sxetika-me-to-pospal/,sxetika-me-to-pospal/index.html,marketing/support,200,https://pospal.gr/sxetika-me-to-pospal/,https://pospal.gr/sxetika-me-to-pospal/,,,yes,yes
https://pospal.gr/subprocessors/,subprocessors/index.html,legal/legacy legal,200,https://pospal.gr/subprocessors/,https://pospal.gr/subprocessors/,"noindex,nofollow","noindex,nofollow",no,no
https://pospal.gr/asyrmati-paraggeliolipsia.html,asyrmati-paraggeliolipsia.html,marketing/support,200,https://pospal.gr/asyrmati-paraggeliolipsia.html,https://pospal.gr/asyrmati-paraggeliolipsia.html,,,yes,yes
https://pospal.gr/legal/privacy.html,legal/privacy.html,legal/legacy legal,200,https://pospal.gr/privacy/,https://pospal.gr/privacy/,"noindex,follow","noindex,follow",no,no
https://pospal.gr/legal/,legal/index.html,legal/legacy legal,200,https://pospal.gr/legal/,https://pospal.gr/legal/,"noindex,nofollow","noindex,nofollow",no,no
https://pospal.gr/legal/eula.html,legal/eula.html,legal/legacy legal,200,https://pospal.gr/eula/,https://pospal.gr/eula/,"noindex,follow","noindex,follow",no,no
https://pospal.gr/,index.html,marketing/support,200,https://pospal.gr/,https://pospal.gr/,,,yes,yes
https://pospal.gr/pda-pos-leitourgei.html,pda-pos-leitourgei.html,marketing/support,200,https://pospal.gr/pda-pos-leitourgei.html,https://pospal.gr/pda-pos-leitourgei.html,,,yes,yes
https://pospal.gr/eula/,eula/index.html,legal/legacy legal,200,https://pospal.gr/eula/,https://pospal.gr/eula/,"noindex,nofollow","noindex,nofollow",no,no
https://pospal.gr/arthra/,arthra/index.html,unpublished marketing,404,https://pospal.gr/arthra/,,,,no,yes
https://pospal.gr/cookies/,cookies/index.html,legal/legacy legal,200,https://pospal.gr/cookies/,https://pospal.gr/cookies/,"noindex,nofollow","noindex,nofollow",no,no
https://pospal.gr/google768162376caa4dfd.html,google768162376caa4dfd.html,verification,200,,,,,no,no
https://pospal.gr/eula.html,eula.html,legal/legacy legal,200,https://pospal.gr/eula/,https://pospal.gr/eula/,"noindex,follow","noindex,follow",no,no
https://pospal.gr/pda-gia-servitoro/,pda-gia-servitoro/index.html,marketing/support,200,https://pospal.gr/pda-gia-servitoro/,https://pospal.gr/pda-gia-servitoro/,,,yes,yes
https://pospal.gr/pda-gia-kafeteries.html,pda-gia-kafeteries.html,marketing/support,200,https://pospal.gr/pda-gia-kafeteries.html,https://pospal.gr/pda-gia-kafeteries.html,,,yes,yes
https://pospal.gr/paraggelio-lipsia-gia-beach-bar.html,paraggelio-lipsia-gia-beach-bar.html,marketing/support,200,https://pospal.gr/paraggelio-lipsia-gia-beach-bar.html,https://pospal.gr/paraggelio-lipsia-gia-beach-bar.html,,,yes,yes
https://pospal.gr/privacy.html,privacy.html,legal/legacy legal,200,https://pospal.gr/privacy/,https://pospal.gr/privacy/,"noindex,follow","noindex,follow",no,no
https://pospal.gr/download/,download/index.html,marketing/support,200,https://pospal.gr/download/,https://pospal.gr/download/,,,yes,yes
https://pospal.gr/pda-ti-einai.html,pda-ti-einai.html,marketing/support,200,https://pospal.gr/pda-ti-einai.html,https://pospal.gr/pda-ti-einai.html,,,yes,yes
https://pospal.gr/en/terms/,en/terms/index.html,legal/legacy legal,200,https://pospal.gr/en/terms/,https://pospal.gr/en/terms/,"noindex,nofollow","noindex,nofollow",no,no
https://pospal.gr/guides/windows-installation/,guides/windows-installation/index.html,marketing/support,200,https://pospal.gr/guides/windows-installation/,https://pospal.gr/guides/windows-installation/,,,yes,yes
https://pospal.gr/en/subprocessors/,en/subprocessors/index.html,legal/legacy legal,200,https://pospal.gr/en/subprocessors/,https://pospal.gr/en/subprocessors/,"noindex,nofollow","noindex,nofollow",no,no
https://pospal.gr/guides/troubleshooting/,guides/troubleshooting/index.html,marketing/support,200,https://pospal.gr/guides/troubleshooting/,https://pospal.gr/guides/troubleshooting/,,,yes,yes
https://pospal.gr/privacy/,privacy/index.html,legal/legacy legal,200,https://pospal.gr/privacy/,https://pospal.gr/privacy/,"noindex,nofollow","noindex,nofollow",no,no
https://pospal.gr/prototype/pda-article/,prototype/pda-article/index.html,prototype,200,,,"noindex,nofollow","noindex,nofollow",no,no
https://pospal.gr/guides/,guides/index.html,marketing/support,200,https://pospal.gr/guides/,https://pospal.gr/guides/,,,yes,yes
https://pospal.gr/prototype/homepage-proposal/,prototype/homepage-proposal/index.html,prototype,404,https://pospal.gr/,,"noindex, nofollow",,no,no
https://pospal.gr/en/privacy/,en/privacy/index.html,legal/legacy legal,200,https://pospal.gr/en/privacy/,https://pospal.gr/en/privacy/,"noindex,nofollow","noindex,nofollow",no,no
https://pospal.gr/guides/app-tour/,guides/app-tour/index.html,marketing/support,200,https://pospal.gr/guides/app-tour/,https://pospal.gr/guides/app-tour/,,,yes,yes
https://pospal.gr/guides/settings/,guides/settings/index.html,marketing/support,200,https://pospal.gr/guides/settings/,https://pospal.gr/guides/settings/,,,yes,yes
https://pospal.gr/en/legal/,en/legal/index.html,legal/legacy legal,200,https://pospal.gr/en/legal/,https://pospal.gr/en/legal/,"noindex,nofollow","noindex,nofollow",no,no
https://pospal.gr/guides/account/,guides/account/index.html,marketing/support,200,https://pospal.gr/guides/account/,https://pospal.gr/guides/account/,,,yes,yes
https://pospal.gr/guides/printer-setup/,guides/printer-setup/index.html,marketing/support,200,https://pospal.gr/guides/printer-setup/,https://pospal.gr/guides/printer-setup/,,,yes,yes
https://pospal.gr/en/dpa/,en/dpa/index.html,legal/legacy legal,200,https://pospal.gr/en/dpa/,https://pospal.gr/en/dpa/,"noindex,nofollow","noindex,nofollow",no,no
https://pospal.gr/en/eula/,en/eula/index.html,legal/legacy legal,200,https://pospal.gr/en/eula/,https://pospal.gr/en/eula/,"noindex,nofollow","noindex,nofollow",no,no
https://pospal.gr/dpa/,dpa/index.html,legal/legacy legal,200,https://pospal.gr/dpa/,https://pospal.gr/dpa/,"noindex,nofollow","noindex,nofollow",no,no
https://pospal.gr/en/cookies/,en/cookies/index.html,legal/legacy legal,200,https://pospal.gr/en/cookies/,https://pospal.gr/en/cookies/,"noindex,nofollow","noindex,nofollow",no,no
https://pospal.gr/guides/qr-menu/,guides/qr-menu/index.html,marketing/support,200,https://pospal.gr/guides/qr-menu/,https://pospal.gr/guides/qr-menu/,,,yes,yes
https://pospal.gr/graphify-out/graph.html,graphify-out/graph.html,internal graph accidentally public,200,,,,,no,no
