historical_file,URL,exists_locally,live_status,in_current_redirects
POSPalDesktop.html,https://pospal.gr/POSPalDesktop.html,no,404,no
POSPal_Demo.html,https://pospal.gr/POSPal_Demo.html,no,404,no
POSPal_Demo_Desktop.html,https://pospal.gr/POSPal_Demo_Desktop.html,no,404,no
POSPal_Demo_Index.html,https://pospal.gr/POSPal_Demo_Index.html,no,404,no
asyrmati-parageliolipsia-estiasi/index.html,https://pospal.gr/asyrmati-parageliolipsia-estiasi/,no,404,yes
asyrmati-paraggeliolipsia.html,https://pospal.gr/asyrmati-paraggeliolipsia.html,yes,200,no
buy-license.html,https://pospal.gr/buy-license.html,no,404,yes
cookies/index.html,https://pospal.gr/cookies/,yes,200,no
download/index.html,https://pospal.gr/download/,yes,200,no
dpa/index.html,https://pospal.gr/dpa/,yes,200,no
drafts/home-v2.html,https://pospal.gr/drafts/home-v2.html,no,404,no
drafts/pospal-demo-coffee-desktop.html,https://pospal.gr/drafts/pospal-demo-coffee-desktop.html,no,404,no
drafts/pospal-demo-coffee-mobile.html,https://pospal.gr/drafts/pospal-demo-coffee-mobile.html,no,404,no
drafts/pospal-demo-desktop.html,https://pospal.gr/drafts/pospal-demo-desktop.html,no,404,no
drafts/pospal-demo-mobile.html,https://pospal.gr/drafts/pospal-demo-mobile.html,no,404,no
drafts/qr-menu-demo.html,https://pospal.gr/drafts/qr-menu-demo.html,no,404,no
dwrean-dokimi-30-imeron/index.html,https://pospal.gr/dwrean-dokimi-30-imeron/,no,404,yes
en/cookies/index.html,https://pospal.gr/en/cookies/,yes,200,no
en/dpa/index.html,https://pospal.gr/en/dpa/,yes,200,no
en/eula/index.html,https://pospal.gr/en/eula/,yes,200,no
en/legal/index.html,https://pospal.gr/en/legal/,yes,200,no
en/privacy/index.html,https://pospal.gr/en/privacy/,yes,200,no
en/subprocessors/index.html,https://pospal.gr/en/subprocessors/,yes,200,no
en/terms/index.html,https://pospal.gr/en/terms/,yes,200,no
eula.html,https://pospal.gr/eula.html,yes,200,yes
eula/index.html,https://pospal.gr/eula/,yes,200,no
google768162376caa4dfd.html,https://pospal.gr/google768162376caa4dfd.html,yes,200,no
guides/account/index.html,https://pospal.gr/guides/account/,yes,200,no
guides/app-tour/index.html,https://pospal.gr/guides/app-tour/,yes,200,no
guides/beach-bar-setup.html,https://pospal.gr/guides/beach-bar-setup.html,no,404,yes
guides/cafe-optimization.html,https://pospal.gr/guides/cafe-optimization.html,no,404,yes
guides/connect-staff-devices/index.html,https://pospal.gr/guides/connect-staff-devices/,no,404,yes
guides/first-week-optimization/index.html,https://pospal.gr/guides/first-week-optimization/,no,404,yes
guides/food-truck-mobile/index.html,https://pospal.gr/guides/food-truck-mobile/,no,404,yes
guides/index.html,https://pospal.gr/guides/,yes,200,no
guides/index_backup.html,https://pospal.gr/guides/index_backup.html,no,404,no
guides/logariasmos-kai-pliromes/index.html,https://pospal.gr/guides/logariasmos-kai-pliromes/,no,404,yes
guides/printer-setup/index.html,https://pospal.gr/guides/printer-setup/,yes,200,no
guides/proto-menou-kai-qr/index.html,https://pospal.gr/guides/proto-menou-kai-qr/,no,404,yes
guides/qr-menu-best-practices.html,https://pospal.gr/guides/qr-menu-best-practices.html,no,404,yes
guides/qr-menu/index.html,https://pospal.gr/guides/qr-menu/,yes,200,no
guides/seasonal-management/index.html,https://pospal.gr/guides/seasonal-management/,no,404,yes
guides/settings/index.html,https://pospal.gr/guides/settings/,yes,200,no
guides/stisimo-ektypoti/index.html,https://pospal.gr/guides/stisimo-ektypoti/,no,404,no
guides/test-order/index.html,https://pospal.gr/guides/test-order/,no,404,yes
guides/troubleshooting/index.html,https://pospal.gr/guides/troubleshooting/,yes,200,no
guides/windows-installation/index.html,https://pospal.gr/guides/windows-installation/,yes,200,no
index.html,https://pospal.gr/,yes,200,no
installation-guide.html,https://pospal.gr/installation-guide.html,no,404,yes
legal/eula.html,https://pospal.gr/legal/eula.html,yes,200,yes
legal/index.html,https://pospal.gr/legal/,yes,200,no
legal/privacy.html,https://pospal.gr/legal/privacy.html,yes,200,yes
managementComponent.html,https://pospal.gr/managementComponent.html,no,404,no
menu-estiatoriou.html,https://pospal.gr/menu-estiatoriou.html,no,404,yes
paraggelies-gia-estiash.html,https://pospal.gr/paraggelies-gia-estiash.html,no,404,yes
paraggelio-lipsia-gia-beach-bar.html,https://pospal.gr/paraggelio-lipsia-gia-beach-bar.html,yes,200,no
pda-gia-kafeteria/index.html,https://pospal.gr/pda-gia-kafeteria/,no,404,yes
pda-gia-kafeteries.html,https://pospal.gr/pda-gia-kafeteries.html,yes,200,no
pda-gia-servitoro/index.html,https://pospal.gr/pda-gia-servitoro/,yes,200,no
pda-pos-leitourgei.html,https://pospal.gr/pda-pos-leitourgei.html,yes,200,no
pda-ti-einai.html,https://pospal.gr/pda-ti-einai.html,yes,200,no
pospal-demo-coffee-desktop.html,https://pospal.gr/pospal-demo-coffee-desktop.html,no,404,yes
pospal-demo-coffee-mobile.html,https://pospal.gr/pospal-demo-coffee-mobile.html,no,404,yes
pospal-demo-desktop.html,https://pospal.gr/pospal-demo-desktop.html,no,404,no
pospal-demo-mobile.html,https://pospal.gr/pospal-demo-mobile.html,no,404,no
privacy.html,https://pospal.gr/privacy.html,yes,200,yes
privacy/index.html,https://pospal.gr/privacy/,yes,200,no
prototype/academy-odoo-lab/index.html,https://pospal.gr/prototype/academy-odoo-lab/,no,404,no
prototype/academy-v1/index.html,https://pospal.gr/prototype/academy-v1/,no,404,no
prototype/academy-v1/printer-setup/index.html,https://pospal.gr/prototype/academy-v1/printer-setup/,no,404,no
prototype/academy-v1/windows-installation/index.html,https://pospal.gr/prototype/academy-v1/windows-installation/,no,404,no
prototype/homepage-hero-lab/index.html,https://pospal.gr/prototype/homepage-hero-lab/,no,404,no
prototype/homepage-v2/index.html,https://pospal.gr/prototype/homepage-v2/,no,404,no
prototype/homepage-v3/index.html,https://pospal.gr/prototype/homepage-v3/,no,404,yes
prototype/homepage/index.html,https://pospal.gr/prototype/homepage/,no,404,no
prototype/pda-article/index.html,https://pospal.gr/prototype/pda-article/,yes,200,no
qr-menu-demo.html,https://pospal.gr/qr-menu-demo.html,no,404,yes
qr-menu-estiasis/index.html,https://pospal.gr/qr-menu-estiasis/,no,404,yes
qr-menu-gia-estiash.html,https://pospal.gr/qr-menu-gia-estiash.html,no,404,yes
subprocessors/index.html,https://pospal.gr/subprocessors/,yes,200,no
support.html,https://pospal.gr/support.html,no,404,yes
sxetika-me-to-pospal/index.html,https://pospal.gr/sxetika-me-to-pospal/,yes,200,no
systima-paraggeliolipsias.html,https://pospal.gr/systima-paraggeliolipsias.html,yes,200,no
terms/index.html,https://pospal.gr/terms/,yes,200,no
times-systimatos-parageliolipsias/index.html,https://pospal.gr/times-systimatos-parageliolipsias/,no,404,yes
times.html,https://pospal.gr/times.html,yes,200,no
