URL,HTTP status,title,H1,canonical,in sitemap,internal links pointing to it,unique indexable source pages,all live HTML source pages,intended search intent,source URLs
https://pospal.gr/,200,POSPal | Παραγγελιοληψία για εστίαση σε Windows,Από το τραπέζι μέχρι την κουζίνα. Χωρίς διακοπές.,https://pospal.gr/,yes,35,18,32,Brand/product overview; hospitality ordering software,https://pospal.gr/asyrmati-paraggeliolipsia.html ; https://pospal.gr/download/ ; https://pospal.gr/guides/ ; https://pospal.gr/guides/account/ ; https://pospal.gr/guides/app-tour/ ; https://pospal.gr/guides/printer-setup/ ; https://pospal.gr/guides/qr-menu/ ; https://pospal.gr/guides/settings/ ; https://pospal.gr/guides/troubleshooting/ ; https://pospal.gr/guides/windows-installation/ ; https://pospal.gr/paraggelio-lipsia-gia-beach-bar.html ; https://pospal.gr/pda-gia-kafeteries.html ; https://pospal.gr/pda-gia-servitoro/ ; https://pospal.gr/pda-pos-leitourgei.html ; https://pospal.gr/pda-ti-einai.html ; https://pospal.gr/sxetika-me-to-pospal/ ; https://pospal.gr/systima-paraggeliolipsias.html ; https://pospal.gr/times.html
https://pospal.gr/asyrmati-paraggeliolipsia.html,200,Ασύρματη παραγγελιοληψία για εστίαση σε Windows | POSPal,Ασύρματη παραγγελιοληψία από κινητό ή tablet,https://pospal.gr/asyrmati-paraggeliolipsia.html,yes,6,5,5,Commercial wireless ordering software and local-network requirements,https://pospal.gr/ ; https://pospal.gr/paraggelio-lipsia-gia-beach-bar.html ; https://pospal.gr/pda-gia-kafeteries.html ; https://pospal.gr/pda-gia-servitoro/ ; https://pospal.gr/sxetika-me-to-pospal/
https://pospal.gr/download/,200,Κατέβασε POSPal για Windows | POSPal-win-Setup.exe,Κατέβασε POSPal για Windows,https://pospal.gr/download/,yes,64,18,33,Download Windows installer and begin trial,https://pospal.gr/ ; https://pospal.gr/asyrmati-paraggeliolipsia.html ; https://pospal.gr/guides/ ; https://pospal.gr/guides/account/ ; https://pospal.gr/guides/app-tour/ ; https://pospal.gr/guides/printer-setup/ ; https://pospal.gr/guides/qr-menu/ ; https://pospal.gr/guides/settings/ ; https://pospal.gr/guides/troubleshooting/ ; https://pospal.gr/guides/windows-installation/ ; https://pospal.gr/paraggelio-lipsia-gia-beach-bar.html ; https://pospal.gr/pda-gia-kafeteries.html ; https://pospal.gr/pda-gia-servitoro/ ; https://pospal.gr/pda-pos-leitourgei.html ; https://pospal.gr/pda-ti-einai.html ; https://pospal.gr/sxetika-me-to-pospal/ ; https://pospal.gr/systima-paraggeliolipsias.html ; https://pospal.gr/times.html
https://pospal.gr/guides/,200,"Οδηγοί POSPal | Εγκατάσταση, ρυθμίσεις και υποστήριξη",Οδηγοί POSPal,https://pospal.gr/guides/,yes,55,18,19,Installation and support guide navigation,https://pospal.gr/ ; https://pospal.gr/asyrmati-paraggeliolipsia.html ; https://pospal.gr/download/ ; https://pospal.gr/guides/account/ ; https://pospal.gr/guides/app-tour/ ; https://pospal.gr/guides/printer-setup/ ; https://pospal.gr/guides/qr-menu/ ; https://pospal.gr/guides/settings/ ; https://pospal.gr/guides/troubleshooting/ ; https://pospal.gr/guides/windows-installation/ ; https://pospal.gr/paraggelio-lipsia-gia-beach-bar.html ; https://pospal.gr/pda-gia-kafeteries.html ; https://pospal.gr/pda-gia-servitoro/ ; https://pospal.gr/pda-pos-leitourgei.html ; https://pospal.gr/pda-ti-einai.html ; https://pospal.gr/sxetika-me-to-pospal/ ; https://pospal.gr/systima-paraggeliolipsias.html ; https://pospal.gr/times.html
https://pospal.gr/guides/account/,200,"Λογαριασμός POSPal: συνδρομή, άδεια και πληρωμές","Διαχείριση λογαριασμού, συνδρομής και άδειας POSPal",https://pospal.gr/guides/account/,yes,2,2,2,"Manage account, licence, subscription and payments",https://pospal.gr/guides/ ; https://pospal.gr/guides/qr-menu/
https://pospal.gr/guides/app-tour/,200,Πρώτη χρήση POSPal: τραπέζια και παραγγελίες,"Πρώτη χρήση του POSPal: μενού, τραπέζια και πληρωμές",https://pospal.gr/guides/app-tour/,yes,2,2,2,"First order, products, tables and staff phone setup",https://pospal.gr/guides/ ; https://pospal.gr/guides/windows-installation/
https://pospal.gr/guides/printer-setup/,200,Σύνδεση θερμικού εκτυπωτή στα Windows | POSPal,Σύνδεση θερμικού εκτυπωτή στα Windows για το POSPal,https://pospal.gr/guides/printer-setup/,yes,3,3,3,Install and test thermal printer in Windows,https://pospal.gr/guides/ ; https://pospal.gr/guides/windows-installation/ ; https://pospal.gr/times.html
https://pospal.gr/guides/qr-menu/,200,QR menu POSPal: δημιουργία και δημοσίευση,Δημιουργία και δημοσίευση QR menu στο POSPal,https://pospal.gr/guides/qr-menu/,yes,3,3,3,Create and publish POSPal QR menu,https://pospal.gr/guides/ ; https://pospal.gr/guides/settings/ ; https://pospal.gr/times.html
https://pospal.gr/guides/settings/,200,"Ρυθμίσεις POSPal: εκτυπωτές, τραπέζια και συσκευές","Ρυθμίσεις POSPal για τραπέζια, εκτυπωτές και συσκευές",https://pospal.gr/guides/settings/,yes,2,2,2,"POSPal settings, printers, tables and devices",https://pospal.gr/guides/ ; https://pospal.gr/guides/app-tour/
https://pospal.gr/guides/troubleshooting/,200,Αντιμετώπιση προβλημάτων POSPal και σύνδεσης κινητού,Αντιμετώπιση προβλημάτων και σύνδεσης κινητού στο POSPal,https://pospal.gr/guides/troubleshooting/,yes,2,2,2,Diagnose POSPal and staff-device connection problems,https://pospal.gr/guides/ ; https://pospal.gr/guides/account/
https://pospal.gr/guides/windows-installation/,200,Εγκατάσταση POSPal σε Windows | Πρώτη ρύθμιση,Εγκατάσταση και πρώτη ρύθμιση του POSPal σε Windows,https://pospal.gr/guides/windows-installation/,yes,4,3,3,Install and initially configure POSPal on Windows,https://pospal.gr/guides/ ; https://pospal.gr/guides/printer-setup/ ; https://pospal.gr/times.html
https://pospal.gr/paraggelio-lipsia-gia-beach-bar.html,200,Παραγγελιοληψία για beach bar με PDA | POSPal,Παραγγελιοληψία για beach bar με PDA,https://pospal.gr/paraggelio-lipsia-gia-beach-bar.html,yes,2,2,2,Commercial beach-bar ordering solution,https://pospal.gr/ ; https://pospal.gr/sxetika-me-to-pospal/
https://pospal.gr/pda-gia-kafeteries.html,200,PDA για καφετέριες και παραγγελιοληψία | POSPal,"Παραγγελιοληψία για καφέδες, τραπέζια και πάγκο.",https://pospal.gr/pda-gia-kafeteries.html,yes,6,5,5,Commercial/mixed cafe PDA ordering solution,https://pospal.gr/ ; https://pospal.gr/pda-gia-servitoro/ ; https://pospal.gr/pda-pos-leitourgei.html ; https://pospal.gr/sxetika-me-to-pospal/ ; https://pospal.gr/systima-paraggeliolipsias.html
https://pospal.gr/pda-gia-servitoro/,200,PDA σερβιτόρου από κινητό ή tablet | POSPal,PDA σερβιτόρου από κινητό ή tablet,https://pospal.gr/pda-gia-servitoro/,yes,11,7,7,Commercial/mixed waiter PDA using phone/tablet,https://pospal.gr/ ; https://pospal.gr/asyrmati-paraggeliolipsia.html ; https://pospal.gr/paraggelio-lipsia-gia-beach-bar.html ; https://pospal.gr/pda-gia-kafeteries.html ; https://pospal.gr/pda-pos-leitourgei.html ; https://pospal.gr/sxetika-me-to-pospal/ ; https://pospal.gr/systima-paraggeliolipsias.html
https://pospal.gr/pda-pos-leitourgei.html,200,PDA πώς λειτουργεί: 3 βήματα στην εστίαση | POSPal,PDA πώς λειτουργεί στην πράξη,https://pospal.gr/pda-pos-leitourgei.html,yes,3,3,3,Informational PDA ordering workflow,https://pospal.gr/ ; https://pospal.gr/pda-gia-servitoro/ ; https://pospal.gr/sxetika-me-to-pospal/
https://pospal.gr/pda-ti-einai.html,200,PDA τι είναι: έννοια και χρήση στην εστίαση | POSPal,PDA τι είναι στην εστίαση;,https://pospal.gr/pda-ti-einai.html,yes,10,8,9,Informational PDA definition in hospitality,https://pospal.gr/ ; https://pospal.gr/asyrmati-paraggeliolipsia.html ; https://pospal.gr/pda-gia-kafeteries.html ; https://pospal.gr/pda-gia-servitoro/ ; https://pospal.gr/pda-pos-leitourgei.html ; https://pospal.gr/sxetika-me-to-pospal/ ; https://pospal.gr/systima-paraggeliolipsias.html ; https://pospal.gr/times.html
https://pospal.gr/sxetika-me-to-pospal/,200,Σχετικά με το POSPal | Παραγγελιοληψία για εστίαση,"Το POSPal, με καθαρά λόγια.",https://pospal.gr/sxetika-me-to-pospal/,yes,7,4,4,Brand/entity verification and product scope,https://pospal.gr/asyrmati-paraggeliolipsia.html ; https://pospal.gr/pda-ti-einai.html ; https://pospal.gr/systima-paraggeliolipsias.html ; https://pospal.gr/times.html
https://pospal.gr/systima-paraggeliolipsias.html,200,"Σύστημα παραγγελιοληψίας εστίασης | 23,90 €/μήνα | POSPal","Παραγγελιοληψία για εστίαση 23,90 €/μήνα",https://pospal.gr/systima-paraggeliolipsias.html,yes,21,9,10,Primary commercial ordering-system evaluation,https://pospal.gr/ ; https://pospal.gr/asyrmati-paraggeliolipsia.html ; https://pospal.gr/paraggelio-lipsia-gia-beach-bar.html ; https://pospal.gr/pda-gia-kafeteries.html ; https://pospal.gr/pda-gia-servitoro/ ; https://pospal.gr/pda-pos-leitourgei.html ; https://pospal.gr/pda-ti-einai.html ; https://pospal.gr/sxetika-me-to-pospal/ ; https://pospal.gr/times.html
https://pospal.gr/times.html,200,"Σύστημα παραγγελιοληψίας: τιμές 23,90 €/μήνα | POSPal",Σύστημα παραγγελιοληψίας: τιμές και τι πραγματικά χρειάζεσαι.,https://pospal.gr/times.html,yes,18,8,23,Commercial price/cost evaluation and subscription terms,https://pospal.gr/ ; https://pospal.gr/asyrmati-paraggeliolipsia.html ; https://pospal.gr/paraggelio-lipsia-gia-beach-bar.html ; https://pospal.gr/pda-gia-kafeteries.html ; https://pospal.gr/pda-gia-servitoro/ ; https://pospal.gr/pda-ti-einai.html ; https://pospal.gr/sxetika-me-to-pospal/ ; https://pospal.gr/systima-paraggeliolipsias.html
