source_url,target_url,href
https://pospal.gr/asyrmati-paraggeliolipsia.html,https://pospal.gr/,/
https://pospal.gr/asyrmati-paraggeliolipsia.html,https://pospal.gr/,/
https://pospal.gr/asyrmati-paraggeliolipsia.html,https://pospal.gr/,/
https://pospal.gr/download/,https://pospal.gr/,/
https://pospal.gr/download/,https://pospal.gr/,/
https://pospal.gr/download/,https://pospal.gr/,/
https://pospal.gr/download/,https://pospal.gr/,/
https://pospal.gr/guides/,https://pospal.gr/,/
https://pospal.gr/guides/,https://pospal.gr/,/
https://pospal.gr/guides/,https://pospal.gr/,/
https://pospal.gr/guides/account/,https://pospal.gr/,/
https://pospal.gr/guides/app-tour/,https://pospal.gr/,/
https://pospal.gr/guides/printer-setup/,https://pospal.gr/,/
https://pospal.gr/guides/qr-menu/,https://pospal.gr/,/
https://pospal.gr/guides/settings/,https://pospal.gr/,/
https://pospal.gr/guides/troubleshooting/,https://pospal.gr/,/
https://pospal.gr/guides/windows-installation/,https://pospal.gr/,/
https://pospal.gr/paraggelio-lipsia-gia-beach-bar.html,https://pospal.gr/,/
https://pospal.gr/paraggelio-lipsia-gia-beach-bar.html,https://pospal.gr/,/
https://pospal.gr/paraggelio-lipsia-gia-beach-bar.html,https://pospal.gr/,/
https://pospal.gr/pda-gia-kafeteries.html,https://pospal.gr/,/
https://pospal.gr/pda-gia-kafeteries.html,https://pospal.gr/,/
https://pospal.gr/pda-gia-kafeteries.html,https://pospal.gr/,/
https://pospal.gr/pda-gia-servitoro/,https://pospal.gr/,/
https://pospal.gr/pda-gia-servitoro/,https://pospal.gr/,/
https://pospal.gr/pda-pos-leitourgei.html,https://pospal.gr/,/
https://pospal.gr/pda-pos-leitourgei.html,https://pospal.gr/,/
https://pospal.gr/pda-ti-einai.html,https://pospal.gr/,/
https://pospal.gr/sxetika-me-to-pospal/,https://pospal.gr/,/
https://pospal.gr/sxetika-me-to-pospal/,https://pospal.gr/,/
https://pospal.gr/sxetika-me-to-pospal/,https://pospal.gr/,/
https://pospal.gr/systima-paraggeliolipsias.html,https://pospal.gr/,/
https://pospal.gr/systima-paraggeliolipsias.html,https://pospal.gr/,/
https://pospal.gr/times.html,https://pospal.gr/,/
https://pospal.gr/times.html,https://pospal.gr/,/
https://pospal.gr/,https://pospal.gr/asyrmati-paraggeliolipsia.html,/asyrmati-paraggeliolipsia.html
https://pospal.gr/paraggelio-lipsia-gia-beach-bar.html,https://pospal.gr/asyrmati-paraggeliolipsia.html,/asyrmati-paraggeliolipsia.html
https://pospal.gr/paraggelio-lipsia-gia-beach-bar.html,https://pospal.gr/asyrmati-paraggeliolipsia.html,/asyrmati-paraggeliolipsia.html
https://pospal.gr/pda-gia-kafeteries.html,https://pospal.gr/asyrmati-paraggeliolipsia.html,/asyrmati-paraggeliolipsia.html
https://pospal.gr/pda-gia-servitoro/,https://pospal.gr/asyrmati-paraggeliolipsia.html,/asyrmati-paraggeliolipsia.html
https://pospal.gr/sxetika-me-to-pospal/,https://pospal.gr/asyrmati-paraggeliolipsia.html,/asyrmati-paraggeliolipsia.html
https://pospal.gr/,https://pospal.gr/download/,/download/
https://pospal.gr/,https://pospal.gr/download/,/download/
https://pospal.gr/,https://pospal.gr/download/,/download/
https://pospal.gr/,https://pospal.gr/download/,/download/
https://pospal.gr/,https://pospal.gr/download/,/download/
https://pospal.gr/,https://pospal.gr/download/,/download/
https://pospal.gr/,https://pospal.gr/download/,/download/
https://pospal.gr/,https://pospal.gr/download/,/download/
https://pospal.gr/,https://pospal.gr/download/,/download/
https://pospal.gr/,https://pospal.gr/download/,/download/
https://pospal.gr/asyrmati-paraggeliolipsia.html,https://pospal.gr/download/,/download/
https://pospal.gr/asyrmati-paraggeliolipsia.html,https://pospal.gr/download/,/download/
https://pospal.gr/asyrmati-paraggeliolipsia.html,https://pospal.gr/download/,/download/
https://pospal.gr/guides/,https://pospal.gr/download/,/download/
https://pospal.gr/guides/,https://pospal.gr/download/,/download/
https://pospal.gr/guides/,https://pospal.gr/download/,/download/
https://pospal.gr/guides/account/,https://pospal.gr/download/,/download/
https://pospal.gr/guides/account/,https://pospal.gr/download/,/download/
https://pospal.gr/guides/app-tour/,https://pospal.gr/download/,/download/
https://pospal.gr/guides/app-tour/,https://pospal.gr/download/,/download/
https://pospal.gr/guides/printer-setup/,https://pospal.gr/download/,/download/
https://pospal.gr/guides/printer-setup/,https://pospal.gr/download/,/download/
https://pospal.gr/guides/printer-setup/,https://pospal.gr/download/,/download/
https://pospal.gr/guides/qr-menu/,https://pospal.gr/download/,/download/
https://pospal.gr/guides/qr-menu/,https://pospal.gr/download/,/download/
https://pospal.gr/guides/settings/,https://pospal.gr/download/,/download/
https://pospal.gr/guides/settings/,https://pospal.gr/download/,/download/
https://pospal.gr/guides/troubleshooting/,https://pospal.gr/download/,/download/
https://pospal.gr/guides/troubleshooting/,https://pospal.gr/download/,/download/
https://pospal.gr/guides/windows-installation/,https://pospal.gr/download/,/download/
https://pospal.gr/guides/windows-installation/,https://pospal.gr/download/,/download/
https://pospal.gr/guides/windows-installation/,https://pospal.gr/download/,/download/
https://pospal.gr/paraggelio-lipsia-gia-beach-bar.html,https://pospal.gr/download/,/download/
https://pospal.gr/paraggelio-lipsia-gia-beach-bar.html,https://pospal.gr/download/,/download/
https://pospal.gr/paraggelio-lipsia-gia-beach-bar.html,https://pospal.gr/download/,/download/
https://pospal.gr/paraggelio-lipsia-gia-beach-bar.html,https://pospal.gr/download/,/download/
https://pospal.gr/pda-gia-kafeteries.html,https://pospal.gr/download/,/download/
https://pospal.gr/pda-gia-kafeteries.html,https://pospal.gr/download/,/download/
https://pospal.gr/pda-gia-kafeteries.html,https://pospal.gr/download/,/download/
https://pospal.gr/pda-gia-kafeteries.html,https://pospal.gr/download/,/download/
https://pospal.gr/pda-gia-servitoro/,https://pospal.gr/download/,/download/
https://pospal.gr/pda-gia-servitoro/,https://pospal.gr/download/,/download/
https://pospal.gr/pda-gia-servitoro/,https://pospal.gr/download/,/download/
https://pospal.gr/pda-gia-servitoro/,https://pospal.gr/download/,/download/
https://pospal.gr/pda-pos-leitourgei.html,https://pospal.gr/download/,/download/
https://pospal.gr/pda-pos-leitourgei.html,https://pospal.gr/download/,/download/
https://pospal.gr/pda-pos-leitourgei.html,https://pospal.gr/download/,/download/
https://pospal.gr/pda-ti-einai.html,https://pospal.gr/download/,/download/
https://pospal.gr/pda-ti-einai.html,https://pospal.gr/download/,/download/
https://pospal.gr/sxetika-me-to-pospal/,https://pospal.gr/download/,/download/
https://pospal.gr/sxetika-me-to-pospal/,https://pospal.gr/download/,/download/
https://pospal.gr/sxetika-me-to-pospal/,https://pospal.gr/download/,/download/
https://pospal.gr/sxetika-me-to-pospal/,https://pospal.gr/download/,/download/
https://pospal.gr/sxetika-me-to-pospal/,https://pospal.gr/download/,/download/
https://pospal.gr/systima-paraggeliolipsias.html,https://pospal.gr/download/,/download/
https://pospal.gr/systima-paraggeliolipsias.html,https://pospal.gr/download/,/download/
https://pospal.gr/systima-paraggeliolipsias.html,https://pospal.gr/download/,/download/
https://pospal.gr/systima-paraggeliolipsias.html,https://pospal.gr/download/,/download/
https://pospal.gr/systima-paraggeliolipsias.html,https://pospal.gr/download/,/download/
https://pospal.gr/times.html,https://pospal.gr/download/,/download/
https://pospal.gr/times.html,https://pospal.gr/download/,/download/
https://pospal.gr/times.html,https://pospal.gr/download/,/download/
https://pospal.gr/times.html,https://pospal.gr/download/,/download/
https://pospal.gr/times.html,https://pospal.gr/download/,/download/
https://pospal.gr/,https://pospal.gr/guides/,/guides/
https://pospal.gr/,https://pospal.gr/guides/,/guides/
https://pospal.gr/,https://pospal.gr/guides/,/guides/
https://pospal.gr/,https://pospal.gr/guides/,/guides/
https://pospal.gr/,https://pospal.gr/guides/,/guides/
https://pospal.gr/,https://pospal.gr/guides/,/guides/
https://pospal.gr/,https://pospal.gr/guides/,/guides/
https://pospal.gr/,https://pospal.gr/guides/,/guides/
https://pospal.gr/asyrmati-paraggeliolipsia.html,https://pospal.gr/guides/,/guides/
https://pospal.gr/asyrmati-paraggeliolipsia.html,https://pospal.gr/guides/,/guides/
https://pospal.gr/asyrmati-paraggeliolipsia.html,https://pospal.gr/guides/,/guides/
https://pospal.gr/asyrmati-paraggeliolipsia.html,https://pospal.gr/guides/,/guides/
https://pospal.gr/download/,https://pospal.gr/guides/,/guides/
https://pospal.gr/download/,https://pospal.gr/guides/,/guides/
https://pospal.gr/download/,https://pospal.gr/guides/,/guides/
https://pospal.gr/guides/account/,https://pospal.gr/guides/,/guides/
https://pospal.gr/guides/account/,https://pospal.gr/guides/,/guides/
https://pospal.gr/guides/account/,https://pospal.gr/guides/,/guides/
https://pospal.gr/guides/app-tour/,https://pospal.gr/guides/,/guides/
https://pospal.gr/guides/app-tour/,https://pospal.gr/guides/,/guides/
https://pospal.gr/guides/app-tour/,https://pospal.gr/guides/,/guides/
https://pospal.gr/guides/printer-setup/,https://pospal.gr/guides/,/guides/
https://pospal.gr/guides/printer-setup/,https://pospal.gr/guides/,/guides/
https://pospal.gr/guides/printer-setup/,https://pospal.gr/guides/,/guides/
https://pospal.gr/guides/qr-menu/,https://pospal.gr/guides/,/guides/
https://pospal.gr/guides/qr-menu/,https://pospal.gr/guides/,/guides/
https://pospal.gr/guides/qr-menu/,https://pospal.gr/guides/,/guides/
https://pospal.gr/guides/settings/,https://pospal.gr/guides/,/guides/
https://pospal.gr/guides/settings/,https://pospal.gr/guides/,/guides/
https://pospal.gr/guides/settings/,https://pospal.gr/guides/,/guides/
https://pospal.gr/guides/troubleshooting/,https://pospal.gr/guides/,/guides/
https://pospal.gr/guides/troubleshooting/,https://pospal.gr/guides/,/guides/
https://pospal.gr/guides/troubleshooting/,https://pospal.gr/guides/,/guides/
https://pospal.gr/guides/windows-installation/,https://pospal.gr/guides/,/guides/
https://pospal.gr/guides/windows-installation/,https://pospal.gr/guides/,/guides/
https://pospal.gr/guides/windows-installation/,https://pospal.gr/guides/,/guides/
https://pospal.gr/paraggelio-lipsia-gia-beach-bar.html,https://pospal.gr/guides/,/guides/
https://pospal.gr/paraggelio-lipsia-gia-beach-bar.html,https://pospal.gr/guides/,/guides/
https://pospal.gr/paraggelio-lipsia-gia-beach-bar.html,https://pospal.gr/guides/,/guides/
https://pospal.gr/pda-gia-kafeteries.html,https://pospal.gr/guides/,/guides/
https://pospal.gr/pda-gia-kafeteries.html,https://pospal.gr/guides/,/guides/
https://pospal.gr/pda-gia-kafeteries.html,https://pospal.gr/guides/,/guides/
https://pospal.gr/pda-gia-servitoro/,https://pospal.gr/guides/,/guides/
https://pospal.gr/pda-gia-servitoro/,https://pospal.gr/guides/,/guides/
https://pospal.gr/pda-gia-servitoro/,https://pospal.gr/guides/,/guides/
https://pospal.gr/pda-pos-leitourgei.html,https://pospal.gr/guides/,/guides/
https://pospal.gr/pda-pos-leitourgei.html,https://pospal.gr/guides/,/guides/
https://pospal.gr/pda-pos-leitourgei.html,https://pospal.gr/guides/,/guides/
https://pospal.gr/pda-ti-einai.html,https://pospal.gr/guides/,/guides/
https://pospal.gr/sxetika-me-to-pospal/,https://pospal.gr/guides/,/guides/
https://pospal.gr/sxetika-me-to-pospal/,https://pospal.gr/guides/,/guides/
https://pospal.gr/sxetika-me-to-pospal/,https://pospal.gr/guides/,/guides/
https://pospal.gr/sxetika-me-to-pospal/,https://pospal.gr/guides/,/guides/
https://pospal.gr/systima-paraggeliolipsias.html,https://pospal.gr/guides/,/guides/
https://pospal.gr/times.html,https://pospal.gr/guides/,/guides/
https://pospal.gr/guides/,https://pospal.gr/guides/account/,/guides/account/
https://pospal.gr/guides/qr-menu/,https://pospal.gr/guides/account/,/guides/account/
https://pospal.gr/guides/,https://pospal.gr/guides/app-tour/,/guides/app-tour/
https://pospal.gr/guides/windows-installation/,https://pospal.gr/guides/app-tour/,/guides/app-tour/
https://pospal.gr/guides/,https://pospal.gr/guides/printer-setup/,/guides/printer-setup/
https://pospal.gr/guides/windows-installation/,https://pospal.gr/guides/printer-setup/,/guides/printer-setup/
https://pospal.gr/times.html,https://pospal.gr/guides/printer-setup/,/guides/printer-setup/
https://pospal.gr/guides/,https://pospal.gr/guides/qr-menu/,/guides/qr-menu/
https://pospal.gr/guides/settings/,https://pospal.gr/guides/qr-menu/,/guides/qr-menu/
https://pospal.gr/times.html,https://pospal.gr/guides/qr-menu/,/guides/qr-menu/
https://pospal.gr/guides/,https://pospal.gr/guides/settings/,/guides/settings/
https://pospal.gr/guides/app-tour/,https://pospal.gr/guides/settings/,/guides/settings/
https://pospal.gr/guides/,https://pospal.gr/guides/troubleshooting/,/guides/troubleshooting/
https://pospal.gr/guides/account/,https://pospal.gr/guides/troubleshooting/,/guides/troubleshooting/
https://pospal.gr/guides/,https://pospal.gr/guides/windows-installation/,/guides/windows-installation/
https://pospal.gr/guides/printer-setup/,https://pospal.gr/guides/windows-installation/,/guides/windows-installation/
https://pospal.gr/times.html,https://pospal.gr/guides/windows-installation/,/guides/windows-installation/
https://pospal.gr/times.html,https://pospal.gr/guides/windows-installation/,/guides/windows-installation/
https://pospal.gr/,https://pospal.gr/paraggelio-lipsia-gia-beach-bar.html,/paraggelio-lipsia-gia-beach-bar.html
https://pospal.gr/sxetika-me-to-pospal/,https://pospal.gr/paraggelio-lipsia-gia-beach-bar.html,/paraggelio-lipsia-gia-beach-bar.html
https://pospal.gr/,https://pospal.gr/pda-gia-kafeteries.html,/pda-gia-kafeteries.html
https://pospal.gr/pda-gia-servitoro/,https://pospal.gr/pda-gia-kafeteries.html,/pda-gia-kafeteries.html
https://pospal.gr/pda-pos-leitourgei.html,https://pospal.gr/pda-gia-kafeteries.html,/pda-gia-kafeteries.html
https://pospal.gr/pda-pos-leitourgei.html,https://pospal.gr/pda-gia-kafeteries.html,/pda-gia-kafeteries.html
https://pospal.gr/sxetika-me-to-pospal/,https://pospal.gr/pda-gia-kafeteries.html,/pda-gia-kafeteries.html
https://pospal.gr/systima-paraggeliolipsias.html,https://pospal.gr/pda-gia-kafeteries.html,/pda-gia-kafeteries.html
https://pospal.gr/,https://pospal.gr/pda-gia-servitoro/,/pda-gia-servitoro/
https://pospal.gr/asyrmati-paraggeliolipsia.html,https://pospal.gr/pda-gia-servitoro/,/pda-gia-servitoro/
https://pospal.gr/asyrmati-paraggeliolipsia.html,https://pospal.gr/pda-gia-servitoro/,/pda-gia-servitoro/
https://pospal.gr/paraggelio-lipsia-gia-beach-bar.html,https://pospal.gr/pda-gia-servitoro/,/pda-gia-servitoro/
https://pospal.gr/paraggelio-lipsia-gia-beach-bar.html,https://pospal.gr/pda-gia-servitoro/,/pda-gia-servitoro/
https://pospal.gr/pda-gia-kafeteries.html,https://pospal.gr/pda-gia-servitoro/,/pda-gia-servitoro/
https://pospal.gr/pda-gia-kafeteries.html,https://pospal.gr/pda-gia-servitoro/,/pda-gia-servitoro/
https://pospal.gr/pda-pos-leitourgei.html,https://pospal.gr/pda-gia-servitoro/,/pda-gia-servitoro/
https://pospal.gr/pda-pos-leitourgei.html,https://pospal.gr/pda-gia-servitoro/,/pda-gia-servitoro/
https://pospal.gr/sxetika-me-to-pospal/,https://pospal.gr/pda-gia-servitoro/,/pda-gia-servitoro/
https://pospal.gr/systima-paraggeliolipsias.html,https://pospal.gr/pda-gia-servitoro/,/pda-gia-servitoro/
https://pospal.gr/,https://pospal.gr/pda-pos-leitourgei.html,/pda-pos-leitourgei.html
https://pospal.gr/pda-gia-servitoro/,https://pospal.gr/pda-pos-leitourgei.html,/pda-pos-leitourgei.html
https://pospal.gr/sxetika-me-to-pospal/,https://pospal.gr/pda-pos-leitourgei.html,/pda-pos-leitourgei.html
https://pospal.gr/,https://pospal.gr/pda-ti-einai.html,/pda-ti-einai.html
https://pospal.gr/asyrmati-paraggeliolipsia.html,https://pospal.gr/pda-ti-einai.html,/pda-ti-einai.html
https://pospal.gr/pda-gia-kafeteries.html,https://pospal.gr/pda-ti-einai.html,/pda-ti-einai.html
https://pospal.gr/pda-gia-servitoro/,https://pospal.gr/pda-ti-einai.html,/pda-ti-einai.html
https://pospal.gr/pda-pos-leitourgei.html,https://pospal.gr/pda-ti-einai.html,/pda-ti-einai.html
https://pospal.gr/pda-pos-leitourgei.html,https://pospal.gr/pda-ti-einai.html,/pda-ti-einai.html
https://pospal.gr/sxetika-me-to-pospal/,https://pospal.gr/pda-ti-einai.html,/pda-ti-einai.html
https://pospal.gr/systima-paraggeliolipsias.html,https://pospal.gr/pda-ti-einai.html,/pda-ti-einai.html
https://pospal.gr/times.html,https://pospal.gr/pda-ti-einai.html,/pda-ti-einai.html
https://pospal.gr/times.html,https://pospal.gr/pda-ti-einai.html,/pda-ti-einai.html
https://pospal.gr/asyrmati-paraggeliolipsia.html,https://pospal.gr/sxetika-me-to-pospal/,/sxetika-me-to-pospal/
https://pospal.gr/asyrmati-paraggeliolipsia.html,https://pospal.gr/sxetika-me-to-pospal/,/sxetika-me-to-pospal/
https://pospal.gr/pda-ti-einai.html,https://pospal.gr/sxetika-me-to-pospal/,/sxetika-me-to-pospal/
https://pospal.gr/systima-paraggeliolipsias.html,https://pospal.gr/sxetika-me-to-pospal/,/sxetika-me-to-pospal/
https://pospal.gr/systima-paraggeliolipsias.html,https://pospal.gr/sxetika-me-to-pospal/,/sxetika-me-to-pospal/
https://pospal.gr/times.html,https://pospal.gr/sxetika-me-to-pospal/,/sxetika-me-to-pospal/
https://pospal.gr/times.html,https://pospal.gr/sxetika-me-to-pospal/,/sxetika-me-to-pospal/
https://pospal.gr/,https://pospal.gr/systima-paraggeliolipsias.html,/systima-paraggeliolipsias.html
https://pospal.gr/asyrmati-paraggeliolipsia.html,https://pospal.gr/systima-paraggeliolipsias.html,/systima-paraggeliolipsias.html
https://pospal.gr/asyrmati-paraggeliolipsia.html,https://pospal.gr/systima-paraggeliolipsias.html,/systima-paraggeliolipsias.html
https://pospal.gr/asyrmati-paraggeliolipsia.html,https://pospal.gr/systima-paraggeliolipsias.html,/systima-paraggeliolipsias.html
https://pospal.gr/asyrmati-paraggeliolipsia.html,https://pospal.gr/systima-paraggeliolipsias.html,/systima-paraggeliolipsias.html
https://pospal.gr/paraggelio-lipsia-gia-beach-bar.html,https://pospal.gr/systima-paraggeliolipsias.html,/systima-paraggeliolipsias.html
https://pospal.gr/paraggelio-lipsia-gia-beach-bar.html,https://pospal.gr/systima-paraggeliolipsias.html,/systima-paraggeliolipsias.html
https://pospal.gr/paraggelio-lipsia-gia-beach-bar.html,https://pospal.gr/systima-paraggeliolipsias.html,/systima-paraggeliolipsias.html
https://pospal.gr/pda-gia-kafeteries.html,https://pospal.gr/systima-paraggeliolipsias.html,/systima-paraggeliolipsias.html
https://pospal.gr/pda-gia-kafeteries.html,https://pospal.gr/systima-paraggeliolipsias.html,/systima-paraggeliolipsias.html
https://pospal.gr/pda-gia-kafeteries.html,https://pospal.gr/systima-paraggeliolipsias.html,/systima-paraggeliolipsias.html
https://pospal.gr/pda-gia-servitoro/,https://pospal.gr/systima-paraggeliolipsias.html,/systima-paraggeliolipsias.html
https://pospal.gr/pda-gia-servitoro/,https://pospal.gr/systima-paraggeliolipsias.html,/systima-paraggeliolipsias.html
https://pospal.gr/pda-pos-leitourgei.html,https://pospal.gr/systima-paraggeliolipsias.html,/systima-paraggeliolipsias.html
https://pospal.gr/pda-pos-leitourgei.html,https://pospal.gr/systima-paraggeliolipsias.html,/systima-paraggeliolipsias.html
https://pospal.gr/pda-ti-einai.html,https://pospal.gr/systima-paraggeliolipsias.html,/systima-paraggeliolipsias.html
https://pospal.gr/sxetika-me-to-pospal/,https://pospal.gr/systima-paraggeliolipsias.html,/systima-paraggeliolipsias.html
https://pospal.gr/sxetika-me-to-pospal/,https://pospal.gr/systima-paraggeliolipsias.html,/systima-paraggeliolipsias.html
https://pospal.gr/sxetika-me-to-pospal/,https://pospal.gr/systima-paraggeliolipsias.html,/systima-paraggeliolipsias.html
https://pospal.gr/times.html,https://pospal.gr/systima-paraggeliolipsias.html,/systima-paraggeliolipsias.html
https://pospal.gr/times.html,https://pospal.gr/systima-paraggeliolipsias.html,/systima-paraggeliolipsias.html
https://pospal.gr/,https://pospal.gr/times.html,/times.html
https://pospal.gr/asyrmati-paraggeliolipsia.html,https://pospal.gr/times.html,/times.html
https://pospal.gr/asyrmati-paraggeliolipsia.html,https://pospal.gr/times.html,/times.html
https://pospal.gr/asyrmati-paraggeliolipsia.html,https://pospal.gr/times.html,/times.html
https://pospal.gr/paraggelio-lipsia-gia-beach-bar.html,https://pospal.gr/times.html,/times.html
https://pospal.gr/paraggelio-lipsia-gia-beach-bar.html,https://pospal.gr/times.html,/times.html
https://pospal.gr/paraggelio-lipsia-gia-beach-bar.html,https://pospal.gr/times.html,/times.html
https://pospal.gr/pda-gia-kafeteries.html,https://pospal.gr/times.html,/times.html
https://pospal.gr/pda-gia-kafeteries.html,https://pospal.gr/times.html,/times.html
https://pospal.gr/pda-gia-kafeteries.html,https://pospal.gr/times.html,/times.html
https://pospal.gr/pda-gia-servitoro/,https://pospal.gr/times.html,/times.html
https://pospal.gr/pda-ti-einai.html,https://pospal.gr/times.html,/times.html
https://pospal.gr/pda-ti-einai.html,https://pospal.gr/times.html,/times.html
https://pospal.gr/pda-ti-einai.html,https://pospal.gr/times.html,/times.html
https://pospal.gr/sxetika-me-to-pospal/,https://pospal.gr/times.html,/times.html
https://pospal.gr/sxetika-me-to-pospal/,https://pospal.gr/times.html,/times.html
https://pospal.gr/systima-paraggeliolipsias.html,https://pospal.gr/times.html,/times.html
https://pospal.gr/systima-paraggeliolipsias.html,https://pospal.gr/times.html,/times.html
