source_file,line,reference,category
_redirects,1,/prototype/homepage-v3/,code/config
_redirects,2,/buy-license.html,code/config
_redirects,3,/support.html,code/config
_redirects,4,/privacy.html,code/config
_redirects,5,/eula.html,code/config
_redirects,6,/legal/privacy.html,code/config
_redirects,7,/legal/eula.html,code/config
_redirects,8,/installation-guide.html,code/config
_redirects,9,/pospal-demo-coffee-desktop.html,code/config
_redirects,10,/pospal-demo-coffee-mobile.html,code/config
_redirects,11,/qr-menu-demo.html,code/config
_redirects,12,/menu-estiatoriou.html,code/config
_redirects,13,/qr-menu-gia-estiash.html,code/config
_redirects,14,/paraggelies-gia-estiash.html,code/config
_redirects,15,/dwrean-dokimi-30-imeron/,code/config
_redirects,16,/pda-gia-kafeteria/,code/config
_redirects,17,/times-systimatos-parageliolipsias/,code/config
_redirects,18,/qr-menu-estiasis/,code/config
_redirects,19,/asyrmati-parageliolipsia-estiasi/,code/config
_redirects,20,/guides/connect-staff-devices/,code/config
_redirects,21,/guides/test-order/,code/config
_redirects,22,/guides/food-truck-mobile/,code/config
_redirects,23,/guides/first-week-optimization/,code/config
_redirects,24,/guides/logariasmos-kai-pliromes/,code/config
_redirects,25,/guides/proto-menou-kai-qr/,code/config
_redirects,26,/guides/seasonal-management/,code/config
_redirects,27,/guides/beach-bar-setup.html,code/config
_redirects,28,/guides/cafe-optimization.html,code/config
_redirects,29,/guides/qr-menu-best-practices.html,code/config
_redirects,30,/s/*,code/config
systima-paraggeliolipsias.html,138,/guides/?guide=app-tour,code/config
systima-paraggeliolipsias.html,197,/guides/?guide=windows-installation,code/config
systima-paraggeliolipsias.html,198,/guides/?guide=settings,code/config
systima-paraggeliolipsias.html,202,/guides/?guide=troubleshooting,code/config
systima-paraggeliolipsias.html,212,/guides/?guide=printer-setup,code/config
CONTEXT.md,23,/support.html,documentation
download/index.html,80,/guides/?guide=windows-installation,code/config
SEO_OPPORTUNITIES.md,63,/pda-gia-kafeteria/,documentation
SEO_OPPORTUNITIES.md,71,/times-systimatos-parageliolipsias/,documentation
SEO_OPPORTUNITIES.md,79,/asyrmati-parageliolipsia-estiasi/,documentation
SEO_OPPORTUNITIES.md,109,https://pospal.gr/POSPal_Demo_Index.html,documentation
SEO_OPPORTUNITIES.md,110,https://pospal.gr/POSPal_Demo.html,documentation
SEO_OPPORTUNITIES.md,118,/pda-gia-kafeteria/,documentation
SEO_OPPORTUNITIES.md,119,/times-systimatos-parageliolipsias/,documentation
SEO_OPPORTUNITIES.md,192,/times-systimatos-parageliolipsias/,documentation
SEO_OPPORTUNITIES.md,193,/pda-gia-kafeteria/,documentation
SEO_OPPORTUNITIES.md,194,/asyrmati-parageliolipsia-estiasi/,documentation
graphify-out/graph.json,5069,/support.html,graph/index
graphify-out/graph.json,5076,/support.html,graph/index
graphify-out/graph.html,69,/support.html,graph/index
docs/redesign/technical-seo-baseline-2026-06-19.md,66,/qr-menu-gia-estiash.html,documentation
docs/redesign/technical-seo-baseline-2026-06-19.md,71,/dwrean-dokimi-30-imeron/,documentation
docs/redesign/technical-seo-baseline-2026-06-19.md,72,/pda-gia-kafeteria/,documentation
docs/redesign/technical-seo-baseline-2026-06-19.md,73,/times-systimatos-parageliolipsias/,documentation
docs/redesign/technical-seo-baseline-2026-06-19.md,74,/qr-menu-estiasis/,documentation
docs/redesign/technical-seo-baseline-2026-06-19.md,75,/asyrmati-parageliolipsia-estiasi/,documentation
docs/redesign/technical-seo-baseline-2026-06-19.md,125,/times-systimatos-parageliolipsias/,documentation
docs/redesign/technical-seo-baseline-2026-06-19.md,126,/pda-gia-kafeteria/,documentation
docs/redesign/technical-seo-baseline-2026-06-19.md,127,/asyrmati-parageliolipsia-estiasi/,documentation
docs/redesign/technical-seo-baseline-2026-06-19.md,128,/qr-menu-gia-estiash.html,documentation
docs/redesign/technical-seo-baseline-2026-06-19.md,128,/qr-menu-estiasis/,documentation
docs/seo/post-redesign-evaluation-2026-08-02.md,167,/times-systimatos-parageliolipsias/,documentation
docs/seo/post-redesign-evaluation-2026-08-02.md,168,/menu-estiatoriou.html,documentation
docs/seo/post-redesign-evaluation-2026-08-02.md,169,/installation-guide.html,documentation
docs/seo/post-redesign-evaluation-2026-08-02.md,170,/buy-license.html,documentation
docs/seo/post-redesign-evaluation-2026-08-02.md,171,/dwrean-dokimi-30-imeron/,documentation
docs/seo/post-redesign-evaluation-2026-08-02.md,190,/buy-license.html,documentation
docs/seo/post-redesign-evaluation-2026-08-02.md,191,/privacy.html,documentation
docs/seo/post-redesign-evaluation-2026-08-02.md,192,/menu-estiatoriou.html,documentation
docs/seo/post-redesign-evaluation-2026-08-02.md,192,/paraggelies-gia-estiash.html,documentation
docs/seo/post-redesign-evaluation-2026-08-02.md,284,/times-systimatos-parageliolipsias/,documentation
docs/redesign/information-architecture-and-onboarding.md,28,/support.html,documentation
docs/redesign/information-architecture-and-onboarding.md,73,/support.html,documentation
docs/redesign/information-architecture-and-onboarding.md,89,/support.html,documentation
docs/redesign/information-architecture-and-onboarding.md,112,/prototype/homepage-v3/,documentation
docs/redesign/information-architecture-and-onboarding.md,277,/support.html,documentation
docs/redesign/information-architecture-and-onboarding.md,361,/guides/connect-staff-devices/,documentation
docs/redesign/information-architecture-and-onboarding.md,364,/guides/test-order/,documentation
docs/redesign/information-architecture-and-onboarding.md,367,/support.html,documentation
docs/redesign/information-architecture-and-onboarding.md,399,/times-systimatos-parageliolipsias/,documentation
docs/redesign/information-architecture-and-onboarding.md,400,/pda-gia-kafeteria/,documentation
docs/redesign/information-architecture-and-onboarding.md,401,/asyrmati-parageliolipsia-estiasi/,documentation
docs/redesign/information-architecture-and-onboarding.md,428,/guides/connect-staff-devices/,documentation
docs/redesign/information-architecture-and-onboarding.md,429,/guides/test-order/,documentation
docs/redesign/homepage-design-brief.md,117,/prototype/homepage-v2/,documentation
docs/redesign/academy-plan.md,31,/guides/test-order/,documentation
docs/redesign/academy-plan.md,31,/guides/connect-staff-devices/,documentation
docs/redesign/academy-plan.md,54,/guides/?guide=printer-setup,documentation
docs/redesign/academy-plan.md,55,/guides/?guide=windows-installation,documentation
docs/redesign/academy-plan.md,57,/guides/?guide=printer-setup,documentation
docs/redesign/academy-plan.md,58,/guides/?guide=windows-installation,documentation
docs/redesign/academy-plan.md,244,/guides/connect-staff-devices/,documentation
docs/redesign/academy-plan.md,245,/guides/test-order/,documentation
docs/redesign/academy-technical-seo-audit.md,30,https://pospal.gr/guides/connect-staff-devices/,documentation
docs/redesign/academy-technical-seo-audit.md,30,/guides/connect-staff-devices/,documentation
docs/redesign/academy-technical-seo-audit.md,31,https://pospal.gr/guides/test-order/,documentation
docs/redesign/academy-technical-seo-audit.md,31,/guides/test-order/,documentation
docs/redesign/academy-technical-seo-audit.md,56,https://pospal.gr/guides/connect-staff-devices/,documentation
docs/redesign/academy-technical-seo-audit.md,57,https://pospal.gr/guides/test-order/,documentation
docs/redesign/academy-technical-seo-audit.md,116,/installation-guide.html,documentation
docs/redesign/academy-technical-seo-audit.md,117,/guides/first-week-optimization/,documentation
docs/redesign/academy-technical-seo-audit.md,118,/guides/seasonal-management/,documentation
docs/redesign/academy-technical-seo-audit.md,119,/guides/qr-menu-best-practices.html,documentation
docs/redesign/academy-technical-seo-audit.md,120,/guides/beach-bar-setup.html,documentation
docs/redesign/academy-technical-seo-audit.md,121,/guides/cafe-optimization.html,documentation
docs/redesign/academy-technical-seo-audit.md,122,/guides/food-truck-mobile/,documentation
docs/redesign/academy-technical-seo-audit.md,123,/guides/proto-menou-kai-qr/,documentation
docs/redesign/academy-technical-seo-audit.md,124,/guides/logariasmos-kai-pliromes/,documentation
