old_url,new_url,recommended_status,reason
https://pospal.gr/times-systimatos-parageliolipsias/,https://pospal.gr/times.html,301,Archived page is a subscription pricing page; current pricing page covers price and inclusions. Existing _redirects destination is semantically correct but not executed.
https://pospal.gr/dwrean-dokimi-30-imeron/,https://pospal.gr/download/,301,Archived page promotes the 30-day trial; installer download is the current trial entry. Existing destination is appropriate but rule is not executed.
https://pospal.gr/buy-license.html,https://pospal.gr/times.html,301,Archived title and H1 concern subscription price and purchase; pricing preserves this intent better than the configured /download/.
https://pospal.gr/installation-guide.html,https://pospal.gr/guides/windows-installation/,301,Archived canonical and refresh already named this installation guide; current guide is live 200. More precise than configured /guides/.
https://pospal.gr/asyrmati-parageliolipsia-estiasi/,https://pospal.gr/asyrmati-paraggeliolipsia.html,301,Archived wireless ordering page and current wireless page address the same product and intent.
https://pospal.gr/pda-gia-kafeteria/,https://pospal.gr/pda-gia-kafeteries.html,301,Archived cafe PDA solution has the same audience and intent as the surviving cafe page.
https://pospal.gr/support.html,https://pospal.gr/guides/,301,Archived support hub has been consolidated into the current support/guide hub; retain support contact availability.
https://pospal.gr/privacy.html,https://pospal.gr/privacy/,301,Current 200 meta-refresh shell names this exact legal successor.
https://pospal.gr/legal/privacy.html,https://pospal.gr/privacy/,301,Current 200 meta-refresh shell names this exact legal successor.
https://pospal.gr/eula.html,https://pospal.gr/eula/,301,Current 200 meta-refresh shell names this exact legal successor.
https://pospal.gr/legal/eula.html,https://pospal.gr/eula/,301,Current 200 meta-refresh shell names this exact legal successor.
https://pospal.gr/paraggelies-gia-estiash.html,https://pospal.gr/systima-paraggeliolipsias.html,301,Archived order-workflow landing page overlaps the primary ordering-system page; this is closer than the configured homepage.
https://pospal.gr/guides/connect-staff-devices/,https://pospal.gr/guides/app-tour/,301,Archived staff-device connection task is now covered by the phone connection steps in the first-use guide.
https://pospal.gr/guides/test-order/,https://pospal.gr/guides/app-tour/,301,Archived first-test-order task is explicitly covered in the current first-use guide.
https://pospal.gr/guides/logariasmos-kai-pliromes/,https://pospal.gr/guides/account/,301,Account and payment support topic now has a dedicated current account guide; archived last version was a guide-hub redirect shell.
https://pospal.gr/guides/proto-menou-kai-qr/,https://pospal.gr/guides/qr-menu/,301,Menu publication and QR task covered by current QR guide; archived last version was a guide-hub redirect shell.
https://pospal.gr/guides/qr-menu-best-practices.html,https://pospal.gr/guides/qr-menu/,301,QR setup/publication is the closest maintained support material; archived last version was a guide-hub redirect shell.
https://pospal.gr/guides/index_backup.html,https://pospal.gr/guides/,301,Archived backup canonical explicitly identifies /guides/; redirect if preserving access to this previously exposed duplicate.
https://pospal.gr/POSPalDesktop.html,https://pospal.gr/download/,301,Archived POSPal trial/demo route; current real Windows trial is the replacement experience. Collapse historical demo-to-demo chains directly; no new demo funnel.
https://pospal.gr/POSPal_Demo.html,https://pospal.gr/download/,301,Archived POSPal trial/demo route; current real Windows trial is the replacement experience. Collapse historical demo-to-demo chains directly; no new demo funnel.
https://pospal.gr/POSPal_Demo_Desktop.html,https://pospal.gr/download/,301,Archived POSPal trial/demo route; current real Windows trial is the replacement experience. Collapse historical demo-to-demo chains directly; no new demo funnel.
https://pospal.gr/POSPal_Demo_Index.html,https://pospal.gr/download/,301,Archived POSPal trial/demo route; current real Windows trial is the replacement experience. Collapse historical demo-to-demo chains directly; no new demo funnel.
https://pospal.gr/managementComponent.html,https://pospal.gr/download/,301,Archived POSPal trial/demo route; current real Windows trial is the replacement experience. Collapse historical demo-to-demo chains directly; no new demo funnel.
https://pospal.gr/pospal-demo-desktop.html,https://pospal.gr/download/,301,Archived POSPal trial/demo route; current real Windows trial is the replacement experience. Collapse historical demo-to-demo chains directly; no new demo funnel.
https://pospal.gr/pospal-demo-mobile.html,https://pospal.gr/download/,301,Archived POSPal trial/demo route; current real Windows trial is the replacement experience. Collapse historical demo-to-demo chains directly; no new demo funnel.
https://pospal.gr/pospal-demo-coffee-desktop.html,https://pospal.gr/download/,301,Archived POSPal trial/demo route; current real Windows trial is the replacement experience. Collapse historical demo-to-demo chains directly; no new demo funnel.
https://pospal.gr/pospal-demo-coffee-mobile.html,https://pospal.gr/download/,301,Archived POSPal trial/demo route; current real Windows trial is the replacement experience. Collapse historical demo-to-demo chains directly; no new demo funnel.
https://pospal.gr/times-systimatos-parageliolipsias,https://pospal.gr/times.html,301,Historical canonical used this slashless URL. Redirect directly to the same semantic replacement without a slash-normalisation hop. Archived page is a subscription pricing page; current pricing page covers price and inclusions. Existing _redirects destination is semantically correct but not executed.
https://pospal.gr/dwrean-dokimi-30-imeron,https://pospal.gr/download/,301,Historical canonical used this slashless URL. Redirect directly to the same semantic replacement without a slash-normalisation hop. Archived page promotes the 30-day trial; installer download is the current trial entry. Existing destination is appropriate but rule is not executed.
https://pospal.gr/asyrmati-parageliolipsia-estiasi,https://pospal.gr/asyrmati-paraggeliolipsia.html,301,Historical canonical used this slashless URL. Redirect directly to the same semantic replacement without a slash-normalisation hop. Archived wireless ordering page and current wireless page address the same product and intent.
https://pospal.gr/pda-gia-kafeteria,https://pospal.gr/pda-gia-kafeteries.html,301,Historical canonical used this slashless URL. Redirect directly to the same semantic replacement without a slash-normalisation hop. Archived cafe PDA solution has the same audience and intent as the surviving cafe page.
https://pospal.gr/qr-menu-estiasis/,,404,"Keep current 404 pending a relevance decision. Archived QR/menu acquisition or menu-demo intent is not fully replaced by the homepage; /guides/qr-menu/ is a possible partial support successor, not an exact equivalent. Do not blanket-redirect to home."
https://pospal.gr/qr-menu-estiasis,,404,"Keep current 404 pending a relevance decision. Archived QR/menu acquisition or menu-demo intent is not fully replaced by the homepage; /guides/qr-menu/ is a possible partial support successor, not an exact equivalent. Do not blanket-redirect to home."
https://pospal.gr/qr-menu-gia-estiash.html,,404,"Keep current 404 pending a relevance decision. Archived QR/menu acquisition or menu-demo intent is not fully replaced by the homepage; /guides/qr-menu/ is a possible partial support successor, not an exact equivalent. Do not blanket-redirect to home."
https://pospal.gr/menu-estiatoriou.html,,404,"Keep current 404 pending a relevance decision. Archived QR/menu acquisition or menu-demo intent is not fully replaced by the homepage; /guides/qr-menu/ is a possible partial support successor, not an exact equivalent. Do not blanket-redirect to home."
https://pospal.gr/qr-menu-demo.html,,404,"Keep current 404 pending a relevance decision. Archived QR/menu acquisition or menu-demo intent is not fully replaced by the homepage; /guides/qr-menu/ is a possible partial support successor, not an exact equivalent. Do not blanket-redirect to home."
https://pospal.gr/guides/food-truck-mobile/,,404,Keep current 404 pending verification of equivalent retained content. The generic guide hub is not demonstrated to replace this specialist topic; avoid activating an irrelevant redirect.
https://pospal.gr/guides/first-week-optimization/,,404,Keep current 404 pending verification of equivalent retained content. The generic guide hub is not demonstrated to replace this specialist topic; avoid activating an irrelevant redirect.
https://pospal.gr/guides/seasonal-management/,,404,Keep current 404 pending verification of equivalent retained content. The generic guide hub is not demonstrated to replace this specialist topic; avoid activating an irrelevant redirect.
https://pospal.gr/guides/beach-bar-setup.html,,404,Keep current 404 pending verification of equivalent retained content. The generic guide hub is not demonstrated to replace this specialist topic; avoid activating an irrelevant redirect.
https://pospal.gr/guides/cafe-optimization.html,,404,Keep current 404 pending verification of equivalent retained content. The generic guide hub is not demonstrated to replace this specialist topic; avoid activating an irrelevant redirect.
https://pospal.gr/guides/stisimo-ektypoti/,,404,Keep current 404 pending verification of equivalent retained content. The generic guide hub is not demonstrated to replace this specialist topic; avoid activating an irrelevant redirect.
https://pospal.gr/drafts/home-v2.html,,404,Historical draft/prototype or unresolved route; no verified public migration target or search demand. Retain 404 rather than redirecting unrelated material to home.
https://pospal.gr/drafts/pospal-demo-coffee-desktop.html,,404,Historical draft/prototype or unresolved route; no verified public migration target or search demand. Retain 404 rather than redirecting unrelated material to home.
https://pospal.gr/drafts/pospal-demo-coffee-mobile.html,,404,Historical draft/prototype or unresolved route; no verified public migration target or search demand. Retain 404 rather than redirecting unrelated material to home.
https://pospal.gr/drafts/pospal-demo-desktop.html,,404,Historical draft/prototype or unresolved route; no verified public migration target or search demand. Retain 404 rather than redirecting unrelated material to home.
https://pospal.gr/drafts/pospal-demo-mobile.html,,404,Historical draft/prototype or unresolved route; no verified public migration target or search demand. Retain 404 rather than redirecting unrelated material to home.
https://pospal.gr/drafts/qr-menu-demo.html,,404,Historical draft/prototype or unresolved route; no verified public migration target or search demand. Retain 404 rather than redirecting unrelated material to home.
https://pospal.gr/prototype/academy-odoo-lab/,,404,Historical draft/prototype or unresolved route; no verified public migration target or search demand. Retain 404 rather than redirecting unrelated material to home.
https://pospal.gr/prototype/academy-v1/,,404,Historical draft/prototype or unresolved route; no verified public migration target or search demand. Retain 404 rather than redirecting unrelated material to home.
https://pospal.gr/prototype/academy-v1/printer-setup/,,404,Historical draft/prototype or unresolved route; no verified public migration target or search demand. Retain 404 rather than redirecting unrelated material to home.
https://pospal.gr/prototype/academy-v1/windows-installation/,,404,Historical draft/prototype or unresolved route; no verified public migration target or search demand. Retain 404 rather than redirecting unrelated material to home.
https://pospal.gr/prototype/homepage-hero-lab/,,404,Historical draft/prototype or unresolved route; no verified public migration target or search demand. Retain 404 rather than redirecting unrelated material to home.
https://pospal.gr/prototype/homepage-v2/,,404,Historical draft/prototype or unresolved route; no verified public migration target or search demand. Retain 404 rather than redirecting unrelated material to home.
https://pospal.gr/prototype/homepage-v3/,,404,Historical draft/prototype or unresolved route; no verified public migration target or search demand. Retain 404 rather than redirecting unrelated material to home.
https://pospal.gr/prototype/homepage/,,404,Historical draft/prototype or unresolved route; no verified public migration target or search demand. Retain 404 rather than redirecting unrelated material to home.
https://pospal.gr/guides/?guide=printer-setup,https://pospal.gr/guides/printer-setup/,301,Existing academy.js maps this query to the static guide using location.replace after HTTP 200. Recommend server/edge query-aware redirect and direct links; preserve unrelated tracking parameters as appropriate.
https://pospal.gr/guides/?lesson=0,https://pospal.gr/guides/printer-setup/,301,Existing academy.js maps this query to the static guide using location.replace after HTTP 200. Recommend server/edge query-aware redirect and direct links; preserve unrelated tracking parameters as appropriate.
https://pospal.gr/guides/?guide=windows-installation,https://pospal.gr/guides/windows-installation/,301,Existing academy.js maps this query to the static guide using location.replace after HTTP 200. Recommend server/edge query-aware redirect and direct links; preserve unrelated tracking parameters as appropriate.
https://pospal.gr/guides/?lesson=1,https://pospal.gr/guides/windows-installation/,301,Existing academy.js maps this query to the static guide using location.replace after HTTP 200. Recommend server/edge query-aware redirect and direct links; preserve unrelated tracking parameters as appropriate.
https://pospal.gr/guides/?guide=app-tour,https://pospal.gr/guides/app-tour/,301,Existing academy.js maps this query to the static guide using location.replace after HTTP 200. Recommend server/edge query-aware redirect and direct links; preserve unrelated tracking parameters as appropriate.
https://pospal.gr/guides/?lesson=2,https://pospal.gr/guides/app-tour/,301,Existing academy.js maps this query to the static guide using location.replace after HTTP 200. Recommend server/edge query-aware redirect and direct links; preserve unrelated tracking parameters as appropriate.
https://pospal.gr/guides/?guide=settings,https://pospal.gr/guides/settings/,301,Existing academy.js maps this query to the static guide using location.replace after HTTP 200. Recommend server/edge query-aware redirect and direct links; preserve unrelated tracking parameters as appropriate.
https://pospal.gr/guides/?lesson=3,https://pospal.gr/guides/settings/,301,Existing academy.js maps this query to the static guide using location.replace after HTTP 200. Recommend server/edge query-aware redirect and direct links; preserve unrelated tracking parameters as appropriate.
https://pospal.gr/guides/?guide=qr-menu,https://pospal.gr/guides/qr-menu/,301,Existing academy.js maps this query to the static guide using location.replace after HTTP 200. Recommend server/edge query-aware redirect and direct links; preserve unrelated tracking parameters as appropriate.
https://pospal.gr/guides/?lesson=4,https://pospal.gr/guides/qr-menu/,301,Existing academy.js maps this query to the static guide using location.replace after HTTP 200. Recommend server/edge query-aware redirect and direct links; preserve unrelated tracking parameters as appropriate.
https://pospal.gr/guides/?guide=account,https://pospal.gr/guides/account/,301,Existing academy.js maps this query to the static guide using location.replace after HTTP 200. Recommend server/edge query-aware redirect and direct links; preserve unrelated tracking parameters as appropriate.
https://pospal.gr/guides/?lesson=5,https://pospal.gr/guides/account/,301,Existing academy.js maps this query to the static guide using location.replace after HTTP 200. Recommend server/edge query-aware redirect and direct links; preserve unrelated tracking parameters as appropriate.
https://pospal.gr/guides/?guide=troubleshooting,https://pospal.gr/guides/troubleshooting/,301,Existing academy.js maps this query to the static guide using location.replace after HTTP 200. Recommend server/edge query-aware redirect and direct links; preserve unrelated tracking parameters as appropriate.
https://pospal.gr/guides/?lesson=6,https://pospal.gr/guides/troubleshooting/,301,Existing academy.js maps this query to the static guide using location.replace after HTTP 200. Recommend server/edge query-aware redirect and direct links; preserve unrelated tracking parameters as appropriate.
https://pospal.gr/asyrmati-paraggeliolipsia,https://pospal.gr/asyrmati-paraggeliolipsia.html,301,Optional low-priority URL consolidation: 200 alias already has correct canonical; direct permanent redirect would remove duplicate access without changing canonical marketing URL.
https://pospal.gr/download/index.html,https://pospal.gr/download/,301,Optional low-priority URL consolidation: 200 alias already has correct canonical; direct permanent redirect would remove duplicate access without changing canonical marketing URL.
https://pospal.gr/guides/account/index.html,https://pospal.gr/guides/account/,301,Optional low-priority URL consolidation: 200 alias already has correct canonical; direct permanent redirect would remove duplicate access without changing canonical marketing URL.
https://pospal.gr/guides/app-tour/index.html,https://pospal.gr/guides/app-tour/,301,Optional low-priority URL consolidation: 200 alias already has correct canonical; direct permanent redirect would remove duplicate access without changing canonical marketing URL.
https://pospal.gr/guides/index.html,https://pospal.gr/guides/,301,Optional low-priority URL consolidation: 200 alias already has correct canonical; direct permanent redirect would remove duplicate access without changing canonical marketing URL.
https://pospal.gr/guides/printer-setup/index.html,https://pospal.gr/guides/printer-setup/,301,Optional low-priority URL consolidation: 200 alias already has correct canonical; direct permanent redirect would remove duplicate access without changing canonical marketing URL.
https://pospal.gr/guides/qr-menu/index.html,https://pospal.gr/guides/qr-menu/,301,Optional low-priority URL consolidation: 200 alias already has correct canonical; direct permanent redirect would remove duplicate access without changing canonical marketing URL.
https://pospal.gr/guides/settings/index.html,https://pospal.gr/guides/settings/,301,Optional low-priority URL consolidation: 200 alias already has correct canonical; direct permanent redirect would remove duplicate access without changing canonical marketing URL.
https://pospal.gr/guides/troubleshooting/index.html,https://pospal.gr/guides/troubleshooting/,301,Optional low-priority URL consolidation: 200 alias already has correct canonical; direct permanent redirect would remove duplicate access without changing canonical marketing URL.
https://pospal.gr/guides/windows-installation/index.html,https://pospal.gr/guides/windows-installation/,301,Optional low-priority URL consolidation: 200 alias already has correct canonical; direct permanent redirect would remove duplicate access without changing canonical marketing URL.
https://pospal.gr/index.html,https://pospal.gr/,301,Optional low-priority URL consolidation: 200 alias already has correct canonical; direct permanent redirect would remove duplicate access without changing canonical marketing URL.
https://pospal.gr/paraggelio-lipsia-gia-beach-bar,https://pospal.gr/paraggelio-lipsia-gia-beach-bar.html,301,Optional low-priority URL consolidation: 200 alias already has correct canonical; direct permanent redirect would remove duplicate access without changing canonical marketing URL.
https://pospal.gr/pda-gia-kafeteries,https://pospal.gr/pda-gia-kafeteries.html,301,Optional low-priority URL consolidation: 200 alias already has correct canonical; direct permanent redirect would remove duplicate access without changing canonical marketing URL.
https://pospal.gr/pda-gia-servitoro/index.html,https://pospal.gr/pda-gia-servitoro/,301,Optional low-priority URL consolidation: 200 alias already has correct canonical; direct permanent redirect would remove duplicate access without changing canonical marketing URL.
https://pospal.gr/pda-pos-leitourgei,https://pospal.gr/pda-pos-leitourgei.html,301,Optional low-priority URL consolidation: 200 alias already has correct canonical; direct permanent redirect would remove duplicate access without changing canonical marketing URL.
https://pospal.gr/pda-ti-einai,https://pospal.gr/pda-ti-einai.html,301,Optional low-priority URL consolidation: 200 alias already has correct canonical; direct permanent redirect would remove duplicate access without changing canonical marketing URL.
https://pospal.gr/sxetika-me-to-pospal/index.html,https://pospal.gr/sxetika-me-to-pospal/,301,Optional low-priority URL consolidation: 200 alias already has correct canonical; direct permanent redirect would remove duplicate access without changing canonical marketing URL.
https://pospal.gr/systima-paraggeliolipsias,https://pospal.gr/systima-paraggeliolipsias.html,301,Optional low-priority URL consolidation: 200 alias already has correct canonical; direct permanent redirect would remove duplicate access without changing canonical marketing URL.
https://pospal.gr/times,https://pospal.gr/times.html,301,Optional low-priority URL consolidation: 200 alias already has correct canonical; direct permanent redirect would remove duplicate access without changing canonical marketing URL.
