URL,JSON_LD_blocks,types,JSON_parse_errors,microdata_types,RDFa_types
https://pospal.gr/download/,0,,0,,
https://pospal.gr/asyrmati-paraggeliolipsia.html,1,Answer | FAQPage | Question,0,,
https://pospal.gr/guides/,0,,0,,
https://pospal.gr/,0,,0,,
https://pospal.gr/guides/printer-setup/,0,,0,,
https://pospal.gr/guides/account/,0,,0,,
https://pospal.gr/guides/qr-menu/,0,,0,,
https://pospal.gr/guides/app-tour/,0,,0,,
https://pospal.gr/guides/settings/,0,,0,,
https://pospal.gr/guides/troubleshooting/,0,,0,,
https://pospal.gr/paraggelio-lipsia-gia-beach-bar.html,1,Answer | FAQPage | Question,0,,
https://pospal.gr/guides/windows-installation/,0,,0,,
https://pospal.gr/pda-gia-kafeteries.html,1,Answer | FAQPage | Question,0,,
https://pospal.gr/pda-pos-leitourgei.html,1,Answer | FAQPage | Question,0,,
https://pospal.gr/pda-ti-einai.html,2,Answer | Article | FAQPage | ImageObject | Organization | Person | Question,0,,
https://pospal.gr/pda-gia-servitoro/,1,Answer | FAQPage | Question,0,,
https://pospal.gr/sxetika-me-to-pospal/,1,BreadcrumbList | ContactPoint | ListItem | Offer | Organization | Person | PostalAddress | SoftwareApplication | UnitPriceSpecification | WebPage,0,,
https://pospal.gr/systima-paraggeliolipsias.html,1,Answer | FAQPage | Question,0,,
https://pospal.gr/times.html,1,Answer | FAQPage | Offer | Question | SoftwareApplication | UnitPriceSpecification,0,,
